group,subprocess,cross-section,num events,size (GB),num files,db
HH_bbWW,ggHH_kl_1_kt_1_hbbhwwsl,0.00373125,265445,0.786950259,48,/GluGlutoHHto2B2WtoLNu2Q_kl-1p00_kt-1p00_c2-0p00_TuneCP5_13p6TeV_powheg-pythia8/Run3Summer23NanoAODv13-133X_mcRun3_2023_realistic_ForNanov13_v1-v2/NANOAODSIM
HH_bbWW,ggHH_kl_2p45_kt_1_hbbhwwsl,0.001472597,299199,0.83052975,44,/GluGlutoHHto2B2WtoLNu2Q_kl-2p45_kt-1p00_c2-0p00_LHEweights_TuneCP5_13p6TeV_powheg-pythia8/Run3Summer23NanoAODv12-130X_mcRun3_2023_realistic_v15-v4/NANOAODSIM
HH_bbWW,ggHH_kl_5_kt_1_hbbhwwsl,0.009928145,266232,0.696257203,39,/GluGlutoHHto2B2WtoLNu2Q_kl-5p00_kt-1p00_c2-0p00_TuneCP5_13p6TeV_powheg-pythia8/Run3Summer23NanoAODv13-133X_mcRun3_2023_realistic_ForNanov13_v1-v2/NANOAODSIM
HH_bbWW,ggHH_kl_1_kt_1_hhbbWW_dl,0.000901379,266483,0.744126644,32,/GluGlutoHHto2B2Vto2L2Nu_kl-1p00_kt-1p00_c2-0p00_TuneCP5_13p6TeV_powheg-pythia8/Run3Summer23NanoAODv13-133X_mcRun3_2023_realistic_ForNanov13_v1-v1/NANOAODSIM
HH_bbWW,ggHH_kl_2p45_kt_1_hhbbWW_dl,0.000355743,299375,0.892382004,65,/GluGlutoHHto2B2Vto2L2Nu_kl-2p45_kt-1p00_c2-0p00_LHEweights_TuneCP5_13p6TeV_powheg-pythia8/Run3Summer23NanoAODv12-130X_mcRun3_2023_realistic_v15-v4/NANOAODSIM
HH_bbWW,ggHH_kl_5_kt_1_hhbbWW_dl,0.0023984,265777,0.696939766,35,/GluGlutoHHto2B2Vto2L2Nu_kl-5p00_kt-1p00_c2-0p00_TuneCP5_13p6TeV_powheg-pythia8/Run3Summer23NanoAODv13-133X_mcRun3_2023_realistic_ForNanov13_v1-v2/NANOAODSIM
HH_bbtautau,ggHH_kl_1_kt_1_hbbhtt,0.00248064,2665667,6.557586976,56,/GluGlutoHHto2B2Tau_kl-1p00_kt-1p00_c2-0p00_TuneCP5_13p6TeV_powheg-pythia8/Run3Summer23NanoAODv13-133X_mcRun3_2023_realistic_ForNanov13_v1-v3/NANOAODSIM
ttbar,ttbar_sl,405.6,152797000,358.683990262,798,/TTtoLNu2Q_TuneCP5_13p6TeV_powheg-pythia8/Run3Summer23NanoAODv12-130X_mcRun3_2023_realistic_v14-v2/NANOAODSIM
ttbar,ttbar_dl,97.99,48203000,111.491192662,198,/TTto2L2Nu_TuneCP5_13p6TeV_powheg-pythia8/Run3Summer23NanoAODv12-130X_mcRun3_2023_realistic_v14-v2/NANOAODSIM
tW,tbarWplus_sl,19.307618,9550671,20.741586432,55,/TbarWplustoLNu2Q_TuneCP5_13p6TeV_powheg-pythia8/Run3Summer23NanoAODv13-133X_mcRun3_2023_realistic_ForNanov13_v1-v6/NANOAODSIM
tW,tbarWplus_dl,4.6651009,4907000,10.497468145,5,/TbarWplusto2L2Nu_TuneCP5_13p6TeV_powheg-pythia8/Run3Summer23NanoAODv13-133X_mcRun3_2023_realistic_ForNanov13_v1-v1/NANOAODSIM
tW,tWminus_sl,19.307618,9650268,20.815520677,11,/TWminustoLNu2Q_TuneCP5_13p6TeV_powheg-pythia8/Run3Summer23NanoAODv13-133X_mcRun3_2023_realistic_ForNanov13_v1-v1/NANOAODSIM
tW,tWminus_dl,4.6651009,4985000,10.661953321,6,/TWminusto2L2Nu_TuneCP5_13p6TeV_powheg-pythia8/Run3Summer23NanoAODv13-133X_mcRun3_2023_realistic_ForNanov13_v1-v1/NANOAODSIM
tbq,TBbarQ,145.0,5786000,10.318317651,92,/TBbarQ_t-channel_4FS_TuneCP5_13p6TeV_powheg-madspin-pythia8/Run3Summer23NanoAODv12-130X_mcRun3_2023_realistic_v15-v2/NANOAODSIM
tbq,TbarBQ,87.2,2878000,5.215596987,61,/TbarBQ_t-channel_4FS_TuneCP5_13p6TeV_powheg-madspin-pythia8/Run3Summer23NanoAODv12-130X_mcRun3_2023_realistic_v15-v2/NANOAODSIM
tb,TBbartoLplusNuBbar,2.405,2596000,4.485714653,49,/TBbartoLplusNuBbar-s-channel-4FS_TuneCP5_13p6TeV_amcatnlo-pythia8/Run3Summer23NanoAODv12-130X_mcRun3_2023_realistic_v15-v2/NANOAODSIM
tb,TbarBtoLminusNuB,1.505,1600000,2.797352546,41,/TbarBtoLminusNuB-s-channel-4FS_TuneCP5_13p6TeV_amcatnlo-pythia8/Run3Summer23NanoAODv12-130X_mcRun3_2023_realistic_v15-v2/NANOAODSIM
WJets,Wjets_0J,55570.0,400648969,412.51794535,1360,/WtoLNu-2Jets_0J_TuneCP5_13p6TeV_amcatnloFXFX-pythia8/Run3Summer23NanoAODv12-130X_mcRun3_2023_realistic_v14-v3/NANOAODSIM
WJets,Wjets_1J,9420.0,308622412,390.22427722,1151,/WtoLNu-2Jets_1J_TuneCP5_13p6TeV_amcatnloFXFX-pythia8/Run3Summer23NanoAODv12-130X_mcRun3_2023_realistic_v14-v2/NANOAODSIM
WJets,Wjets_2J,3616.0,193796359,299.346918181,848,/WtoLNu-2Jets_2J_TuneCP5_13p6TeV_amcatnloFXFX-pythia8/Run3Summer23NanoAODv12-130X_mcRun3_2023_realistic_v14-v2/NANOAODSIM
DY,DY_dl_mll_10to50,19982.5,200200891,183.507424321,658,/DYto2L-2Jets_MLL-10to50_TuneCP5_13p6TeV_amcatnloFXFX-pythia8/Run3Summer23NanoAODv12-130X_mcRun3_2023_realistic_v14_ext1-v3/NANOAODSIM
DY,DY_dl_mll_50_0J,5016.0,195345826,243.456265761,632,/DYto2L-2Jets_MLL-50_0J_TuneCP5_13p6TeV_amcatnloFXFX-pythia8/Run3Summer23NanoAODv12-130X_mcRun3_2023_realistic_v14-v3/NANOAODSIM
DY,DY_dl_mll_50_1J,1120.0,192409561,291.992894165,812,/DYto2L-2Jets_MLL-50_1J_TuneCP5_13p6TeV_amcatnloFXFX-pythia8/Run3Summer23NanoAODv12-130X_mcRun3_2023_realistic_v14-v3/NANOAODSIM
DY,DY_dl_mll_50_2J,359.7,154506477,281.498622332,679,/DYto2L-2Jets_MLL-50_2J_TuneCP5_13p6TeV_amcatnloFXFX-pythia8/Run3Summer23NanoAODv12-130X_mcRun3_2023_realistic_v14-v3/NANOAODSIM
VV,WW,80.18,33339000,43.925794762,25,/WW_TuneCP5_13p6TeV_pythia8/Run3Summer23NanoAODv13-133X_mcRun3_2023_realistic_ForNanov13_v1-v1/NANOAODSIM
VV,WZ,29.1,16770000,22.231785638,14,/WZ_TuneCP5_13p6TeV_pythia8/Run3Summer23NanoAODv13-133X_mcRun3_2023_realistic_ForNanov13_v1-v1/NANOAODSIM
VV,ZZ,12.75,2517000,3.321696679,3,/ZZ_TuneCP5_13p6TeV_pythia8/Run3Summer23NanoAODv13-133X_mcRun3_2023_realistic_ForNanov13_v1-v1/NANOAODSIM
QCD,QCD_pT_15to30,1301000000.0,2366880,1.197474778,9,/QCD_PT-15to30_TuneCP5_13p6TeV_pythia8/Run3Summer23NanoAODv12-EpsilonPU_130X_mcRun3_2023_realistic_v14-v2/NANOAODSIM
QCD,QCD_pT_30to50,113300000.0,2397088,1.611999582,11,/QCD_PT-30to50_TuneCP5_13p6TeV_pythia8/Run3Summer23NanoAODv12-EpsilonPU_130X_mcRun3_2023_realistic_v14-v2/NANOAODSIM
QCD,QCD_pT_50to80,16760000.0,11988000,11.287136756,47,/QCD_PT-50to80_TuneCP5_13p6TeV_pythia8/Run3Summer23NanoAODv12-130X_mcRun3_2023_realistic_v14-v2/NANOAODSIM
QCD,QCD_pT_80to120,2534000.0,17979000,20.169579506,67,/QCD_PT-80to120_TuneCP5_13p6TeV_pythia8/Run3Summer23NanoAODv12-130X_mcRun3_2023_realistic_v14-v2/NANOAODSIM
QCD,QCD_pT_120to170,445800.0,17964000,25.129801504,71,/QCD_PT-120to170_TuneCP5_13p6TeV_pythia8/Run3Summer23NanoAODv12-130X_mcRun3_2023_realistic_v14-v2/NANOAODSIM
QCD,QCD_pT_170to300,113700.0,17889000,30.764167317,69,/QCD_PT-170to300_TuneCP5_13p6TeV_pythia8/Run3Summer23NanoAODv12-130X_mcRun3_2023_realistic_v14-v2/NANOAODSIM
QCD,QCD_pT_300to470,7589.0,34626000,68.926304603,130,/QCD_PT-300to470_TuneCP5_13p6TeV_pythia8/Run3Summer23NanoAODv12-130X_mcRun3_2023_realistic_v14-v2/NANOAODSIM
QCD,QCD_pT_470to600,626.4,16766000,35.795284268,83,/QCD_PT-470to600_TuneCP5_13p6TeV_pythia8/Run3Summer23NanoAODv12-130X_mcRun3_2023_realistic_v14-v2/NANOAODSIM
QCD,QCD_pT_600to800,178.6,40468000,89.552518855,181,/QCD_PT-600to800_TuneCP5_13p6TeV_pythia8/Run3Summer23NanoAODv12-130X_mcRun3_2023_realistic_v14-v2/NANOAODSIM
QCD,QCD_pT_800to1000,30.57,23908000,54.947042747,111,/QCD_PT-800to1000_TuneCP5_13p6TeV_pythia8/Run3Summer23NanoAODv12-130X_mcRun3_2023_realistic_v14-v2/NANOAODSIM
QCD,QCD_pT_1000to1400,8.92,11956000,28.42938056,61,/QCD_PT-1000to1400_TuneCP5_13p6TeV_pythia8/Run3Summer23NanoAODv12-130X_mcRun3_2023_realistic_v14-v2/NANOAODSIM
QCD,QCD_pT_1400to1800,0.8103,3596000,8.951107745,21,/QCD_PT-1400to1800_TuneCP5_13p6TeV_pythia8/Run3Summer23NanoAODv12-130X_mcRun3_2023_realistic_v14-v2/NANOAODSIM
QCD,QCD_pT_1800to2400,0.1148,1792000,4.644397671,11,/QCD_PT-1800to2400_TuneCP5_13p6TeV_pythia8/Run3Summer23NanoAODv12-130X_mcRun3_2023_realistic_v14-v2/NANOAODSIM
QCD,QCD_pT_2400to3200,0.007542,1200000,3.256294293,7,/QCD_PT-2400to3200_TuneCP5_13p6TeV_pythia8/Run3Summer23NanoAODv12-130X_mcRun3_2023_realistic_v14-v2/NANOAODSIM
QCD,QCD_pT_3200,0.0002331,478000,1.374475214,6,/QCD_PT-3200_TuneCP5_13p6TeV_pythia8/Run3Summer23NanoAODv12-130X_mcRun3_2023_realistic_v14-v2/NANOAODSIM
ttV,TTLNu-1Jets,0.2505,460305,1.373343784,3,/TTLNu-1Jets_TuneCP5_13p6TeV_amcatnloFXFX-pythia8/Run3Summer23NanoAODv12-130X_mcRun3_2023_realistic_v15-v2/NANOAODSIM
ttV,TTZ-ZtoQQ-1Jets,0.6603,803622,2.522835571,8,/TTZ-ZtoQQ-1Jets_TuneCP5_13p6TeV_amcatnloFXFX-pythia8/Run3Summer23NanoAODv12-130X_mcRun3_2023_realistic_v15-v3/NANOAODSIM
H,GluGluHto2WtoLNu2Q,4.952,1309332,1.930033834,25,/GluGluHto2WtoLNu2Q_M-125_TuneCP5_13p6TeV_powheg-JHUGenV752-pythia8/Run3Summer23NanoAODv12-130X_mcRun3_2023_realistic_v15-v2/NANOAODSIM
H,GluGluHto2Wto2L2Nu,1.202,3500000,5.289189619,40,/GluGluHto2Wto2L2Nu_M-125_TuneCP5_13p6TeV_powheg-jhugen752-pythia8/Run3Summer23NanoAODv12-130X_mcRun3_2023_realistic_v15-v2/NANOAODSIM
H,VBFHto2WtoLNu2Q,0.3868,1326000,2.365214112,21,/VBFHto2WtoLNu2Q_M-125_TuneCP5_13p6TeV_powheg-JHUGenV752-pythia8/Run3Summer23NanoAODv12-130X_mcRun3_2023_realistic_v15-v2/NANOAODSIM
H,VBFHto2Wto2L2Nu,0.09389,3491000,6.302758394,33,/VBFHto2Wto2L2Nu_M-125_TuneCP5_13p6TeV_powheg-jhugen752-pythia8/Run3Summer23NanoAODv12-130X_mcRun3_2023_realistic_v15-v2/NANOAODSIM
H,ZH_Hto2B_Zto2L,0.05527,10925000,23.740392815,202,/ZH_Hto2B_Zto2L_M-125_TuneCP5_13p6TeV_powheg-pythia8/Run3Summer23NanoAODv12-130X_mcRun3_2023_realistic_v14-v2/NANOAODSIM
H,ZH_Hto2C_Zto2L,0.002744,10776000,22.515394577,120,/ZH_Hto2C_Zto2L_M-125_TuneCP5_13p6TeV_powheg-pythia8/Run3Summer23NanoAODv12-130X_mcRun3_2023_realistic_v14-v2/NANOAODSIM
H,ZH_ZtoAll_Hto2Wto2L2Nu,0.02171,2486319,5.074809174,72,/ZH_ZtoAll_Hto2Wto2L2Nu_M-125_TuneCP5_13p6TeV_powheg-minlo-HZJ-jhugenv752-pythia8/Run3Summer23NanoAODv12-130X_mcRun3_2023_realistic_v15-v3/NANOAODSIM
H,ggZH_Hto2B_Zto2L,0.007971,11066000,26.55867701,143,/ggZH_Hto2B_Zto2L_M-125_TuneCP5_13p6TeV_powheg-pythia8/Run3Summer23NanoAODv12-130X_mcRun3_2023_realistic_v14-v3/NANOAODSIM
H,ggZH_Hto2C_Zto2L,0.0003958,11030000,25.521650532,96,/ggZH_Hto2C_Zto2L_M-125_TuneCP5_13p6TeV_powheg-pythia8/Run3Summer23NanoAODv12-130X_mcRun3_2023_realistic_v14-v3/NANOAODSIM
H,WplusH_Hto2B_WtoLNu,0.1679,10997744,21.265370686,369,/WplusH_Hto2B_WtoLNu_M-125_TuneCP5_13p6TeV_powheg-pythia8/Run3Summer23NanoAODv12-130X_mcRun3_2023_realistic_v14-v2/NANOAODSIM
H,WplusH_Hto2C_WtoLNu,0.008334,10874444,20.370359923,369,/WplusH_Hto2C_WtoLNu_M-125_TuneCP5_13p6TeV_powheg-pythia8/Run3Summer23NanoAODv12-130X_mcRun3_2023_realistic_v14-v2/NANOAODSIM
H,WplusH_HtoZG_WtoAll_Zto2L,0.000138,470720,1.125300961,41,/WplusH_HtoZG_WtoAll_Zto2L_M-125_TuneCP5_13p6TeV_powheg-pythia8/Run3Summer23NanoAODv12-130X_mcRun3_2023_realistic_v15-v3/NANOAODSIM
H,WminusH_Hto2B_WtoLNu,0.1072,10890938,20.876771352,349,/WminusH_Hto2B_WtoLNu_M-125_TuneCP5_13p6TeV_powheg-pythia8/Run3Summer23NanoAODv12-130X_mcRun3_2023_realistic_v14-v2/NANOAODSIM
H,WminusH_Hto2C_WtoLNu,0.005322,11011056,20.299569669,321,/WminusH_Hto2C_WtoLNu_M-125_TuneCP5_13p6TeV_powheg-pythia8/Run3Summer23NanoAODv12-130X_mcRun3_2023_realistic_v14-v2/NANOAODSIM
H,WminusH_HtoZG_WtoAll_Zto2L,8.813e-05,837298,2.032083291,48,/WminusH_HtoZG_WtoAll_Zto2L_M-125_TuneCP5_13p6TeV_powheg-pythia8/Run3Summer23NanoAODv12-130X_mcRun3_2023_realistic_v15-v4/NANOAODSIM
H,TTHto2B,0.3304,10846000,34.442683455,131,/TTHto2B_M-125_TuneCP5_13p6TeV_powheg-pythia8/Run3Summer23NanoAODv12-130X_mcRun3_2023_realistic_v14-v3/NANOAODSIM
H,TTHtoNon2B,0.2384,11901980,38.001490808,236,/TTHtoNon2B_M-125_TuneCP5_13p6TeV_powheg-pythia8/Run3Summer23NanoAODv12-130X_mcRun3_2023_realistic_v14-v2/NANOAODSIM
