,blnu_mT,all_sT,WW_mInv,bjets_mbb,blnu_pt,WW_mT,blnu_lnu_mT,blnu_bl_mInv,jj_lnu_dR,jj_l_dR,bb_lnu_dR,bjets_dR,bjets_mean_pt,min_b_l_dR,bjet_bijet_dR,ak4_jet1_phi,lep0_iso,nAK4_btag,lep0_eta,all_pt,nAK4,met_phi,bjet1_pt,bjet_bijet_dEta,ak4_jet2_eta,ak4_jet3_phi,ak4_jet3_eta,ak4_jet0_eta,ak4_jet1_eta,ak4_jet2_phi,ak4_jet2_pt,nAK4_nonbtag,jj_lnu_dPhi,jj_l_dPhi,bjet0_pt,bjets_pt_bb,ak4_jet3_bscore,bjets_dPhi,bjets_dEta,trijet_pt_rat,min_b_lnu_dPhi,trijet_pt,min_b_l_dPhi,bjet_bijet_dPhi,trijet_bijet_dPhi,jj_lnu_dEta,met_pt,lep0_phi,bb_lnu_dPhi,ak4_jet0_bscore,trijet_bijet_dR,trijet_bijet_dEta,ak4_jet3_pt,trijet_mInv,mjj,WW_pt,ak4_jet2_bscore,ak4_jet1_pt,jj_l_dEta,ak4_jet0_pt,bb_lnu_dEta,lep0_pt,all_jets_HT,all_mInv,all_mT,ak4_jet1_bscore
blnu_mT,1.0,0.7316792123319623,0.6037012573470935,0.44144769391513183,0.7309039538295082,0.6332353105369899,0.7523094581308251,0.5760838741841602,0.08813682016804325,0.1141077437282628,-0.02012763974876386,0.10410971591398925,0.5558624861554783,-0.05702187031584616,-0.09401975248156796,0.00022871684482555268,-0.008473682600602201,-0.028406031029255378,-0.00015603916122656204,0.10339911471662262,0.13365526053935084,0.000499332584907316,0.4257442872269112,0.00037801794950700126,-0.0009037308401116728,-6.754912213719745e-05,-9.297154463015204e-05,0.00012964646034330959,0.00013891272350948105,-0.0002590950692485232,0.45385164093123903,0.1329613309328326,0.00033838575308817783,0.00028947933031514545,0.41931286433133236,0.46087464739635275,-0.031520213678492705,-0.00022537769900750324,-0.00022740830429261957,0.29835120315815716,-0.0027464764150700927,0.6431312102877387,-0.0008556342213218692,-0.00031143614644009595,-0.00034998156885931195,0.00016667172070227573,0.5733409125045444,0.000359615098588555,-0.00011860282335913817,-0.037934475823011696,-0.16346677512733218,0.00040073717797883536,0.3377969671086468,0.3044712053447027,0.2245533672305514,0.4288228405282042,-0.016343801296851486,0.5592654261848609,0.0001716779071823298,0.613992850445928,-2.2783456924257144e-05,0.44667144847904383,0.5967194963132618,0.6707467029339871,0.6712369083234945,0.021109887126300905
all_sT,0.7316792123319623,1.0,0.7149365568109052,0.3788429336968014,0.774817919672389,0.7649249855566101,0.5924688246043639,0.23591512924955357,0.06928110814429025,0.08751456856794972,-0.19882697586189851,0.006407964639351959,0.6018372204961453,-0.23131078481082717,-0.03395960725123591,0.0005157166198893696,0.0014923603870330526,0.020743807260970196,0.00027939778466968613,0.09465128725349603,0.43530605258607424,-0.0002493349861814453,0.45720895062736666,0.0005088513259295491,-0.0008452235528868203,0.00015013958987823096,-0.00013173084195241687,-1.9430216849691156e-05,8.019040462166961e-05,-0.000310693936883262,0.7432261977788038,0.36613614238567427,0.0006656874279136449,0.0005846033924375525,0.4579704309809085,0.5322367895410894,0.034818386117987925,-0.00040972316563831965,-0.00042455998481190984,0.2553288174942862,0.04562639367674383,0.8924505091064348,0.0362560776037209,-0.0006345133966352226,-0.0002942089817802241,0.00026635773189139634,0.5035817084024842,-5.3073593239801065e-05,-0.0001247434151059607,-0.171962090006382,-0.21217356364800605,0.00041060097121789203,0.6447921741435364,0.5362410831958694,0.42160979468682896,0.631662222986518,0.02490677195403995,0.8129668714175448,0.00042784738718204264,0.8824535540808099,4.2004439851645056e-05,0.39776786385777263,0.9518866552677369,0.8607024395225967,0.8610817684156318,-0.010670605553704336
WW_mInv,0.6037012573470935,0.7149365568109052,1.0,0.10435675163908012,0.6231976768328905,0.9915214257645981,0.6530512837230089,0.17019138167468756,0.36860397487626456,0.3397942809907565,-0.1909294696282669,-0.015127830088293458,0.17607061712176597,-0.12264166838909682,0.0737748333852067,7.822492247658137e-05,-0.0058972448364929065,-0.03580267247178187,0.0001689212229633901,0.08134559450977898,0.20437711252416396,-0.00024507814177681314,0.12355666556604249,0.00025242855482749934,-0.000652721605914041,0.00013233558742947152,0.00019634607800910072,1.8335640681702376e-05,-0.0006699263856203997,-0.00044831268926591705,0.4660855905158356,0.19880611389617772,0.0002817228812119489,0.0003732081591446468,0.14480591586290156,0.23140931879370719,0.11920625191746693,-0.00015494740060366318,-0.00029312486048021466,0.15434341650045122,0.06847737117335066,0.6561534644687823,0.05063696874416633,-0.00019368485039996972,-0.00016225586063018453,7.636230300762263e-05,0.5036018913153943,5.08060609658571e-05,-7.45882440020566e-05,-0.3010483003298015,-0.25132385978563604,0.00010129114716647649,0.3899181344168974,0.6842635492182966,0.7122801656006492,0.3004386204406276,0.07981476647831104,0.4993874918856996,0.00018756562440626313,0.6185141542081977,0.00036305832898110796,0.4058678317041774,0.6076010309374256,0.7983599166571091,0.7983359966307597,-0.028558251537581278
bjets_mbb,0.44144769391513183,0.3788429336968014,0.10435675163908012,1.0,0.38685419838992513,0.12295362034474776,0.09446969721934527,0.25828658108688357,0.02520811491178684,0.06003103294233242,0.055556820107579376,0.6200112694863277,0.7238145309044696,-0.21233175943094376,-0.06316742953741142,0.00016860584302271712,0.0014393131749073273,0.062094046166020496,-0.00044375042529135804,0.03683184342489373,0.04227889811299186,-0.00044254845309358784,0.5782037036376593,-0.00023150825971632094,-0.0004989610028768546,-0.00028189660703693354,-0.0005401700094973321,0.00026792777456847484,0.000428724700261816,-1.7554655786574483e-05,0.3915927231842646,6.825817601403817e-05,0.00033088208228159696,0.00016919689864391014,0.5207321600137177,0.2302591001246285,-0.14953098106842774,-0.0002054668024171497,-0.000527364884260632,0.18355481593090264,-0.08205999912327096,0.38549777196573465,-0.0784827335458343,-0.00029290091146522086,-0.0003021586520786598,-0.000704785244707911,0.07572467835857775,-0.0004241979822623272,-0.00017307744515879928,0.20511743662437282,0.15576213449492782,0.0001922303252857251,0.2895731714898501,0.2535332502349091,0.05452740391100644,0.17192201307994723,-0.04524192080170199,0.4474924429204261,-0.0005370304415899114,0.3740215522404207,-0.00036758341275408904,0.06522151249926601,0.4161646792322891,0.427714525801442,0.4275162766347485,0.12329036309656596
blnu_pt,0.7309039538295082,0.774817919672389,0.6231976768328905,0.38685419838992513,1.0,0.6338692974773668,0.644167542566229,0.09840190269509502,0.244891719821903,0.21701723583169547,-0.2643079157995196,0.1319192694487131,0.5458578735095508,-0.32926889223181005,-0.18996301223156478,0.0003363345622758979,-0.005619784271392431,0.005693293079538011,0.000789994154907451,0.06755885783558863,0.14437222570903632,-0.00021377517070266615,0.4053921064621814,0.0003065014828685131,-0.000918816224376391,0.0004043752163710289,0.00022226317901159965,0.00047970805943352876,0.00029955121450460175,-0.0003384212459853033,0.49843668047216094,0.12213251010312008,0.0007586865286395518,0.0006874874377577688,0.4252291469124785,0.35757167276205853,0.006659302738208017,-0.0006508376069281023,-0.00010188363194759556,0.43832842334622346,0.04176131395440131,0.8199880151699508,0.008618914392959092,-0.0004490711411329457,-0.00018536649138268952,0.0002461150985755432,0.5508339274130403,0.00036240387643550964,-0.000158471115439603,-0.09831101729527982,-0.2632144923864456,0.0005490465940704053,0.3660125267372976,0.32204779120039534,0.2500687514478141,0.29815090242094466,0.01868368838196941,0.6049917594747548,0.00046000350706283243,0.6891541962277647,0.00036011119799939274,0.43518123456557384,0.6581109940484159,0.6152870487334094,0.6155397611702323,0.05266884893294956
WW_mT,0.6332353105369899,0.7649249855566101,0.9915214257645981,0.12295362034474776,0.6338692974773668,1.0,0.6572952444170743,0.20086729213715895,0.30439236666768565,0.29799539222589183,-0.18310998745108722,-0.041247847228201594,0.22873192051197846,-0.1118962604054131,0.09238827709754567,0.00014300589603195065,-0.005259892532931757,-0.035670201070832845,0.00015642406563079537,0.10172337998945519,0.2315585137050763,-0.0002195529160520804,0.1659007740736028,0.00032044388983065757,-0.0006541450727002351,7.350210526058633e-05,0.0001561094243359137,3.346723783930998e-05,-0.0006382989187193245,-0.0004522831875405165,0.5052925545543008,0.22235535022441366,0.0003057602018516924,0.0003478411022005021,0.1823982798543487,0.31110965506199617,0.11629172923847665,-0.00012745347592323173,-0.0002557165099910134,0.14338019404988528,0.06905883982888618,0.6866696673994341,0.055030919802619684,-0.0002532837849610152,-0.00021755541287851634,9.022864796211471e-05,0.5099122978344809,0.00011971512080472724,-8.650153527350433e-05,-0.29618284770390646,-0.23999056143309233,0.00015161542277898,0.42458128694367225,0.7015215694422955,0.7092966074475839,0.4130887760270141,0.07508244992321264,0.5493252896169917,0.00020690352268203327,0.6727657343151835,0.0003178826946459136,0.4103918554594434,0.6646202076092687,0.8337730407339929,0.8341217068795386,-0.036368761444106196
blnu_lnu_mT,0.7523094581308251,0.5924688246043639,0.6530512837230089,0.09446969721934527,0.644167542566229,0.6572952444170743,1.0,0.22186843026097097,0.16563360871080685,0.1658656945378611,0.020110461158172884,-0.02446933285472813,0.1836156042850313,-0.015236341696245284,-0.11570254071947736,2.768854069008911e-05,-0.014065098069026866,-0.056324923045671334,-2.216167039806363e-05,0.1134652896829476,0.08483706783273336,0.000719052099443568,0.15335752341085046,0.0003033540976567213,-0.0008803777022547215,-0.00014073047773309415,0.00011307826031226142,5.99387757675818e-05,2.490887244989346e-05,-0.00016793514562579725,0.20258177395108676,0.1070194110747266,0.0001882236284015556,0.0004088308962226492,0.12501067430390111,0.2257578027501376,0.039520245786607545,-0.00029278740006477897,-0.00041571144102889096,0.26842861350726066,-0.004117531987239857,0.5432319518623816,-0.004809014654853564,-0.000366144010693149,-0.00029216179636795935,0.00014463817885323725,0.7528253803813301,0.000688833177401544,-4.5892951700644866e-05,-0.14392222989048695,-0.10054722424252753,0.0002799773314573724,0.15766550347659436,0.2308146576930621,0.16885124741104976,0.24826284907992607,0.023636475312332286,0.2351186103018108,0.00011990117542263077,0.41731355520820795,0.0002550632176791473,0.6048304662488875,0.33684211733976316,0.5027002298849672,0.5036589948625665,-0.034498780176394864
blnu_bl_mInv,0.5760838741841602,0.23591512924955357,0.17019138167468756,0.25828658108688357,0.09840190269509502,0.20086729213715895,0.22186843026097097,1.0,-0.04846925961019977,-0.07159119126327938,0.21707639219270988,0.03627258183109543,0.2597138201102136,0.4184672587203428,0.04599716387809931,0.00013417628118454202,-0.014110459816048236,-0.05178999470111259,-0.0007041017032432031,0.04352243525991259,0.05308003138373964,0.00017165151326342957,0.21821458138849587,0.0001339112072780749,-0.0006018060804139914,-7.78711817086662e-05,-0.00043311260728923375,-0.0004083418645066604,4.338943216060628e-05,-4.96042369455057e-05,0.16759955797423828,0.0767354732830625,-0.00017352514008569218,-0.0002945001506179629,0.1754421758711206,0.2933639103861034,-0.05104758298149553,0.0002312267251032252,8.810182963228583e-05,0.025476904182942624,-0.028471533553032696,0.12320944838694595,-0.04630240388889024,0.00033123692166317845,-0.00021172825127974655,0.00019310068264897015,-0.004411955514514189,0.0003484837038775052,-0.00019676920667370044,0.02543796903457206,-0.0005341927840693133,1.733894468270159e-05,0.13175422100197579,0.11837581997592977,0.07181303440860351,0.2821492861182659,-0.03790046468755442,0.21375667658659098,6.843261883920125e-05,0.19325223068962696,-0.00029863879833383854,0.31223333816810184,0.2084364098136681,0.29833357799084687,0.2984295555272743,-0.008570462738556644
jj_lnu_dR,0.08813682016804325,0.06928110814429025,0.36860397487626456,0.02520811491178684,0.244891719821903,0.30439236666768565,0.16563360871080685,-0.04846925961019977,1.0,0.6978336464806295,-0.1377427239563208,0.1876211921614586,-0.09195824074011197,-0.09435423347935919,-0.01290151414377258,5.1990978360219007e-05,-0.005583918657387719,-0.01662292298435835,0.0002478329548047832,-0.05831958010443805,-0.03309950382213488,-0.0004053740120538247,-0.07249636998889084,-0.00013483001897006796,-0.0003129021489729158,0.0004993546743226883,0.00012686502733447427,8.203448036280382e-05,-0.00038803107471122614,-8.373688382367241e-05,0.026891135758802538,-0.018951636940101622,-8.296421153728728e-05,0.0001908067017932695,-0.0671784831037648,-0.21822202272985394,0.05598686107423614,1.0864613583051226e-05,-0.00013378075898361894,0.23173790722689652,0.030181083716257898,0.18807195389115003,-0.014063348364024893,-4.326716999757789e-05,0.00028024069603851216,-5.188641894320436e-05,0.10248947372746206,-0.0006497971863318863,0.0003168823754786191,-0.14369098882575754,-0.15145877327932855,7.300758222389157e-06,0.01467276630241278,0.0979288963258598,0.09514041017429194,-0.34045552029177434,0.043806736071088814,0.0256492329563761,9.652893562020751e-05,0.03665639432628602,0.0002285803372868454,0.11347428534984841,0.024599657411568096,0.17336285371130997,0.17174663431400794,0.033936790007360405
jj_l_dR,0.1141077437282628,0.08751456856794972,0.3397942809907565,0.06003103294233242,0.21701723583169547,0.29799539222589183,0.1658656945378611,-0.07159119126327938,0.6978336464806295,1.0,-0.014748710072657708,0.15398828337726314,-0.024946375415453147,-0.18781934064178893,0.02116231356326648,4.13872407278767e-05,-0.00874250301344677,-0.011810210287488899,0.0001388684205328154,-0.015403256044669706,-0.018428279896614524,-0.00033054393965444994,-0.026601667018430693,-4.146615831319781e-05,-0.000508334306529751,0.0007712948989448818,0.00031026202927819744,8.504605124341598e-06,-0.0005327553156106477,-5.553504382188971e-05,0.04172909113068733,-0.009041807192722438,-0.00030349375318098866,-3.83634192439273e-05,-0.010866385093016465,-0.1168786450026477,0.03603827698774611,8.98474529129592e-05,0.0001966407399352889,0.1847499171588348,-0.011595741727353549,0.17576793930248455,0.043717650295366534,-0.00016902763517767552,0.00020819196068826696,-8.433867492297735e-05,0.043066901772444655,-0.0006025624435401055,0.00043567339644442983,-0.08154135624947162,-0.06547131242886929,-6.454599885898587e-05,0.02831495812762368,0.11123644585358393,0.08370505559379823,-0.17519288902938734,0.025258881794280978,0.04611107641789567,0.0001433042146407814,0.06619763530166743,0.00015623527452000524,0.16530761940031852,0.0517673465193232,0.19858695276569258,0.19770021271688934,0.01465289379513019
bb_lnu_dR,-0.02012763974876386,-0.19882697586189851,-0.1909294696282669,0.055556820107579376,-0.2643079157995196,-0.18310998745108722,0.020110461158172884,0.21707639219270988,-0.1377427239563208,-0.014748710072657708,1.0,0.10402771199353424,-0.012569993212465743,0.37749010540364464,-0.07291100899503931,0.00028163061813565453,-0.003986009924329305,-0.049533865761472395,-0.0006585231957194244,-0.08670098652859431,-0.1279257290699801,-0.0005507077111135857,0.046875144466664735,-0.00010127561897825351,-0.00014796104752398567,-0.0006223532921586638,-0.0002983198115538364,-6.680783148534503e-05,0.00022001519699652475,-0.0002020219162435213,-0.2061981986099981,-0.08193703329955032,-0.0006444571082702933,-0.0007686783163466736,-0.06943010454726035,-0.1208701855884532,-0.07718128143528748,7.704195957316703e-05,-5.061226768539448e-05,-0.05436516876185145,-0.21021203829172,-0.1901910247796495,-0.12976527192411488,0.00014766569859330365,0.00018011254466886325,-0.0003966785260349364,0.009495358318749429,0.0001694068965269706,0.00025292933196208715,0.13884179681799844,0.3037186612344673,6.461914674472192e-05,-0.16869850459618843,-0.08539090140235206,-0.12128618663123002,-0.037491346466096136,-0.05319934954688456,-0.22112818595179895,-0.00033190174613494035,-0.2173492153890264,-0.0007477920646318765,0.024471713986936084,-0.24758495582494525,-0.11602428595743601,-0.11758845061133626,-0.03234180586373921
bjets_dR,0.10410971591398925,0.006407964639351959,-0.015127830088293458,0.6200112694863277,0.1319192694487131,-0.041247847228201594,-0.02446933285472813,0.03627258183109543,0.1876211921614586,0.15398828337726314,0.10402771199353424,1.0,0.14483837050658402,-0.24064815559259714,-0.2047979720733405,-0.00012726495425371555,-0.00020170237256367,0.02627839341992308,-0.0006087518546268158,-0.01160309980485331,-0.013753742677421847,-0.0002826303026723428,0.11688097107564012,-0.0006184214310651141,-0.00012775038016625917,4.339295654598954e-05,-0.00044096570130997703,1.8434057986109824e-05,-6.738647888654054e-05,0.00032711446598301757,0.03464819296315052,-0.027479735124067723,-9.714350090353151e-06,0.00013971709341488846,0.10294882829147345,-0.37650857564990053,-0.06250425029248086,9.181014203909367e-05,-0.0004525506257028373,0.310756931795123,-0.16286300837842513,0.13433855239531556,-0.16876647681274093,-9.623662958700242e-05,-4.150993201861122e-05,-0.0008401230149081156,-0.018599296537737463,-0.00020057029713320933,-0.00020272209947760214,0.09995119276452807,0.018053922177795282,-0.00025155172747411126,0.016412072433417964,-0.006882468798896833,-0.04072013546498991,-0.23736750014422242,-0.02663480457071239,0.04277925538967322,-0.0007087632838172396,0.004839495701559352,-0.0001368527600532082,-0.021521546156150456,0.018554424390272814,0.10166709769645858,0.10104796443532174,0.042948197919444146
bjets_mean_pt,0.5558624861554783,0.6018372204961453,0.17607061712176597,0.7238145309044696,0.5458578735095508,0.22873192051197846,0.1836156042850313,0.2597138201102136,-0.09195824074011197,-0.024946375415453147,-0.012569993212465743,0.14483837050658402,1.0,-0.24334109010360272,-0.056104080992675956,0.00013749450288730845,0.0034802128592277,0.07568175145927636,0.0005100709992769473,0.0551832373045114,0.06935980266537461,-0.00018465006035840584,0.7762497558044755,-2.8480629289267465e-06,-0.0004493118837342823,-0.0001287507108208591,-0.00023075136937648146,0.0006741638909823446,0.0007227712908390851,-0.0002038791644237585,0.5510296589893787,0.015581303608405737,0.0004371836394580957,0.00021486795081654278,0.7433831411991416,0.6348498479675144,-0.16209396667083872,-0.0005314871977073538,-0.0002941268745662736,0.13048269352480862,-0.04862727926632072,0.5409074542249248,-0.04038314202439544,-0.00041824813822025726,-0.00026025284802775136,-1.7757998410875133e-05,0.1531265424347555,-0.0003010463878692865,-2.382769782253165e-05,0.26319855563138084,0.1441934382993044,0.0006256095157423084,0.39440713069368766,0.32694268427933076,0.12188062852505092,0.456992055017149,-0.06882215818552928,0.67517221873958,0.00021796547043694253,0.6208813401613096,-0.00019138601520210817,0.1357367772788081,0.6433894331672662,0.48100715597489846,0.4812585705445383,0.11926785190467386
min_b_l_dR,-0.05702187031584616,-0.23131078481082717,-0.12264166838909682,-0.21233175943094376,-0.32926889223181005,-0.1118962604054131,-0.015236341696245284,0.4184672587203428,-0.09435423347935919,-0.18781934064178893,0.37749010540364464,-0.24064815559259714,-0.24334109010360272,1.0,0.11412670710355001,0.0006467985700189129,-0.005467986933060262,-0.0939120532191921,-0.0009940613450975678,-0.034556816843052764,-0.07349751850319272,4.9894170651597414e-05,-0.17166611810431812,0.00041120444424349434,-0.0008282560791546105,-0.0004232245075034039,-0.0002426154124507017,-0.0008693873004115466,-0.0003357998908056447,-0.00018254082497802393,-0.2318415762123215,-0.00840826243122066,-0.0004453056153065959,-0.0007590530105885713,-0.19917344859457856,0.052036726850521194,0.012986270805786697,-0.00010363177390937212,0.0001918486481203726,-0.20475756884591928,-0.017064983971822965,-0.28587470264988346,-0.09464218173464793,0.0006033392382003076,0.00012084359466245469,0.00028623320295910915,-0.025583430633872067,0.00020981129159900882,-3.819311584008116e-05,-0.021515515709197904,0.15568240836555597,8.647622989306169e-05,-0.17931279030786224,-0.0778486263458885,-0.06867189455157119,0.034275908714133566,-0.02318375279752064,-0.2513690777030559,4.940831962043198e-05,-0.23368848116888075,-0.00015970787757326913,-0.04559619538318216,-0.25891749334221403,-0.13206459979548274,-0.132635730643988,-0.09071051630058719
bjet_bijet_dR,-0.09401975248156796,-0.03395960725123591,0.0737748333852067,-0.06316742953741142,-0.18996301223156478,0.09238827709754567,-0.11570254071947736,0.04599716387809931,-0.01290151414377258,0.02116231356326648,-0.07291100899503931,-0.2047979720733405,-0.056104080992675956,0.11412670710355001,1.0,8.764611027339447e-05,0.0019303436097548553,-0.011909266373656763,-0.0005527831871429309,0.006648368248291007,-0.008552720959158454,-4.556653538290123e-05,-0.04733099775807086,0.0016795172643587846,-0.0007009876623138218,-0.00029673199548512874,0.0001615588216691396,-0.00019705088706487817,-0.0009746717531851967,-0.0003537350431639407,-0.018482235328820717,-0.00039893641139482783,-6.240294394793738e-06,-0.0003038171366896916,-0.03769610973326147,0.20919230367280592,0.03396586673963641,0.0005046818936832443,-0.00022277426764757556,-0.5390619717943148,0.11784141115712139,-0.2228469927183642,0.12539322670012507,0.00034261299996592447,-8.621319848639695e-05,0.0008908060630514547,-0.0746460213022652,-0.0004097310603628833,-4.821229426791997e-05,-0.03888329508849434,0.5305832588353695,0.000559363545283467,-0.0038316851223818295,0.44990537440821093,0.13295156528958385,0.1768188514057716,0.0015032455402404167,-0.016122527841281837,0.0007300645928640063,0.0341562669884573,-0.0003445521728598416,-0.10833001005786486,0.008162651419275956,0.1338257839425937,0.13349714392250522,-0.013275763332557183
ak4_jet1_phi,0.00022871684482555268,0.0005157166198893696,7.822492247658137e-05,0.00016860584302271712,0.0003363345622758979,0.00014300589603195065,2.768854069008911e-05,0.00013417628118454202,5.1990978360219007e-05,4.13872407278767e-05,0.00028163061813565453,-0.00012726495425371555,0.00013749450288730845,0.0006467985700189129,8.764611027339447e-05,1.0,-0.00012932880776454067,-0.0003432256044860227,0.0004040362396610467,0.00012792286822033575,6.225047005241192e-05,-0.05920454860391886,-4.771773703379629e-05,-0.0001776930615728653,-1.212786718562349e-05,-0.0385652603425983,0.00021128861455391894,0.0007708355702783727,-0.0004552510383372863,-0.050809396978836144,0.0002700472460454732,0.0002568758320924052,0.000638162662213944,0.0001572646768722351,0.00026607639528698486,0.0005705278822535783,0.0002523504936195605,-0.0009029935437502122,-1.3437134850800752e-05,0.0003110072867596015,0.00038177957942044414,0.0005163127923019361,0.00028066712401570516,-0.00023770945126244076,-0.0001868433671231476,5.2192321314414926e-05,0.00017271447106946737,-0.0973097111871036,-0.0007188877536127784,0.00030677978849519267,0.0001948207516423359,0.00020689196349197173,0.00022959472988358782,0.0001308904141811036,1.464451560208004e-05,0.0004931695715504184,5.32244690134915e-05,0.0005347340604466151,6.384104698169581e-05,0.0005176647674139035,0.00022982627266634133,0.00027820937556530967,0.0004993079763631247,0.0002528073167333979,0.0002575615499400132,-0.0014304230036746302
lep0_iso,-0.008473682600602201,0.0014923603870330526,-0.0058972448364929065,0.0014393131749073273,-0.005619784271392431,-0.005259892532931757,-0.014065098069026866,-0.014110459816048236,-0.005583918657387719,-0.00874250301344677,-0.003986009924329305,-0.00020170237256367,0.0034802128592277,-0.005467986933060262,0.0019303436097548553,-0.00012932880776454067,1.0,-0.00010337266705496867,0.0005757283890457278,0.008239862216193756,0.005487526762287735,0.0003802629230609165,0.0018686111966075142,-0.0003902869061149105,5.291429179686008e-05,-0.00032521775013538587,0.0006724524694022506,0.0001423934494046886,0.0002465340982743666,0.0002607105341495233,0.005243883759688636,0.004831113816792079,0.00013218917491459933,0.00039685103114801075,0.003470821203696683,0.002574849921737986,-0.001599243795853584,0.00011164124226886743,0.0001392655139978752,-0.0019325347692345917,0.0007134485150622413,0.002317991652636605,0.0011735025417429381,0.0005251084065325862,0.0004708150247005181,0.00018740112739774572,0.006572206385026305,0.0005428046105835617,0.0002890467822370354,0.00011040851699117707,-0.000833907258365386,-0.00034805152629017886,0.0048211158516299315,0.002800841461887411,0.002179097046537949,0.0028768114924887325,-0.0007611099408386101,0.004616746016127427,0.00015646281441872686,0.004255674459005139,4.8186514897059074e-05,-0.024939474491788512,0.0058949510098634085,-0.0005514452219787003,-0.00046420042402228664,0.0003113822666280092
nAK4_btag,-0.028406031029255378,0.020743807260970196,-0.03580267247178187,0.062094046166020496,0.005693293079538011,-0.035670201070832845,-0.056324923045671334,-0.05178999470111259,-0.01662292298435835,-0.011810210287488899,-0.049533865761472395,0.02627839341992308,0.07568175145927636,-0.0939120532191921,-0.011909266373656763,-0.0003432256044860227,-0.00010337266705496867,1.0,0.00041270297280824166,-0.03176927749273671,0.10184464660607102,-0.0002106795428893465,0.08323900070880803,-0.0011393693885237161,0.0012202035386408327,-0.0002437642205999856,0.0007172987324090448,0.0007699041967876077,0.0008183249270384471,-0.00022499247581461,0.048391776041321014,-0.5022327934804146,-0.0002992124118858733,-5.642059033941609e-06,0.030276130884605342,-0.006386693424375837,0.2189724526475876,-0.00037427954847518024,-0.00032682576921463176,0.021384730275433323,4.027603645322996e-05,0.012360655198799529,-0.002422019700936827,0.00023807264577997844,0.00035786462937526127,-0.0009873158057996658,-0.03910814100187361,0.00043472415009681805,0.0006301870946903143,0.24020430804850634,0.00358174674962436,-0.000506081729626086,0.060877436938033,-0.018006839293824423,-0.0286744358537886,-0.0073092298565367395,0.23058661961195726,0.029820840170989193,-0.001003608779810921,0.0016623199754487229,-0.0001645445017165653,-0.03574228870168964,0.045423179935121814,0.009846942429907612,0.009459515770844898,0.24296506697368547
lep0_eta,-0.00015603916122656204,0.00027939778466968613,0.0001689212229633901,-0.00044375042529135804,0.000789994154907451,0.00015642406563079537,-2.216167039806363e-05,-0.0007041017032432031,0.0002478329548047832,0.0001388684205328154,-0.0006585231957194244,-0.0006087518546268158,0.0005100709992769473,-0.0009940613450975678,-0.0005527831871429309,0.0004040362396610467,0.0005757283890457278,0.00041270297280824166,1.0,-0.00036769921503385273,-0.0004024261252831794,0.0014539720502382248,0.0007634681769207733,0.0869482936210357,0.24664795362061154,-2.5142238497498454e-05,0.19678472364461516,0.29700126309660574,0.30221472483469036,0.00037291408740960854,0.00010682069553197179,-0.000593618854122005,0.0002527071597956271,0.0003326088958955278,-1.0757464489348721e-05,0.00020601900179330546,6.374390389734134e-05,0.00034839929423676207,0.061409907030116055,0.00036707201670072546,-0.00016823353343164277,0.00024787847285721317,-0.00016994191671195082,-0.00026688161788172447,-0.00018623051578800376,0.4204097548505924,0.00045456868167355227,-0.0016557696157995382,0.00015807427473312564,0.00045987998901118486,-0.0005607915696326677,0.17297569813338257,-0.00016163034037053683,-3.144387645442646e-05,0.00017741430720284918,-7.330888244632834e-05,0.00023818809673890166,-4.5911038497443665e-05,0.5343910809548582,0.00014618710463040353,0.12286679099940322,0.0009295902686491977,-2.8386333544504305e-05,-0.0002610720287547201,-0.0002643192118203406,0.00043442208933001437
all_pt,0.10339911471662262,0.09465128725349603,0.08134559450977898,0.03683184342489373,0.06755885783558863,0.10172337998945519,0.1134652896829476,0.04352243525991259,-0.05831958010443805,-0.015403256044669706,-0.08670098652859431,-0.01160309980485331,0.0551832373045114,-0.034556816843052764,0.006648368248291007,0.00012792286822033575,0.008239862216193756,-0.03176927749273671,-0.00036769921503385273,1.0,0.021952963014503668,0.0016878560878231278,0.033168773481230894,0.00033986185892388477,-0.0007428555679117628,-9.850009093675273e-05,-0.0005644391919845454,-0.00018449765299982228,-1.0912809189402398e-05,-0.0001592149534946425,0.04480612745433895,0.037850729046132736,0.00018493338178848876,7.97999747382402e-05,0.05127894894974246,0.08656135294883077,-0.009772649388506492,0.0002777791085521172,-0.0002127755749773678,0.0318899966099727,0.03456337845706067,0.08916245590874373,0.0239136783553086,-0.000491043798453926,-0.0005516355047975202,-1.4310913639430496e-05,0.1030836726204957,0.0004852123982542249,-0.000290768948214861,-0.008749468133858969,0.0157312777594595,0.0005090997765527368,0.03656647258020829,0.08259888497394763,0.05405615691692685,0.18165448657997965,-0.010434055139581701,0.050869786786437735,5.5134820710843264e-05,0.08122556564593326,6.464945000992269e-05,0.05278177886816906,0.0696929503150551,0.08821669239311421,0.10343786336012567,-0.01717129624553815
nAK4,0.13365526053935084,0.43530605258607424,0.20437711252416396,0.04227889811299186,0.14437222570903632,0.2315585137050763,0.08483706783273336,0.05308003138373964,-0.03309950382213488,-0.018428279896614524,-0.1279257290699801,-0.013753742677421847,0.06935980266537461,-0.07349751850319272,-0.008552720959158454,6.225047005241192e-05,0.005487526762287735,0.10184464660607102,-0.0004024261252831794,0.021952963014503668,1.0,-0.0005591173075018531,0.049405294523181625,0.00042237863611495135,-0.0001892983774049367,0.0003701450211768559,-0.0004670568553008227,-0.0003915094319974865,-0.00033798920702055843,-9.945086853254504e-05,0.3299644894126456,0.8090863991883632,0.00035537285087576065,0.00021082195986737437,0.0562665827665482,0.10212045303838091,-0.00339337879099043,-4.980266405672812e-05,-0.000566705302691067,0.2536102116093305,0.044129063258432265,0.31750447339254595,0.035058967725794934,-0.00015624133367973992,0.00018856050335762042,-3.454662366974835e-05,0.07273754291001353,-0.00010607749554068616,-0.00010130489271187863,-0.10966565118557087,-0.21410804023917226,0.00010832936835808,0.4584082058162529,0.1565977039721639,0.10241137538999108,0.28818522246117634,-0.02896067095506103,0.24044155802401146,-2.0268603539970073e-05,0.21475612327989735,-0.0003335035100264376,0.05728202594291751,0.48680333043684637,0.47142822533982265,0.4710717143129953,-0.06846090984617449
met_phi,0.000499332584907316,-0.0002493349861814453,-0.00024507814177681314,-0.00044254845309358784,-0.00021377517070266615,-0.0002195529160520804,0.000719052099443568,0.00017165151326342957,-0.0004053740120538247,-0.00033054393965444994,-0.0005507077111135857,-0.0002826303026723428,-0.00018465006035840584,4.9894170651597414e-05,-4.556653538290123e-05,-0.05920454860391886,0.0003802629230609165,-0.0002106795428893465,0.0014539720502382248,0.0016878560878231278,-0.0005591173075018531,1.0,-0.0001381115934045335,-0.00016651823363537826,0.0014456780193852084,-0.045565371265531125,0.0012067380452509251,0.0016643265223116083,0.0015322049339557466,-0.05965489037422224,0.00012176451244419237,-0.0003615526422846583,0.00027801284620075124,0.0001698906264396972,-0.0001428071845209766,-2.760415565767872e-05,-0.00019486536655791058,0.00021784891268897906,-0.00019337898560214915,-0.0009756141840129053,-0.00025260564217089603,-0.0008124572256077733,-0.00041534446037281094,0.0001219605277704866,-0.00032453281351817637,-0.00041663102386730396,0.0007540702475102617,0.05390864302023292,0.0010470301727926897,0.0005112441820363532,0.00011219162868808813,0.0010022053597555755,-0.0002299809925901344,-0.000477924408750567,-0.00017361436718662976,0.00017683534235342048,-0.00011839121646312443,-0.0005436912082835193,-0.0004246473019146288,-0.0004889985058979624,-0.0009023991226870264,-0.00014802079524265304,-0.0004906843198700664,-0.0005795002018479386,-0.0005567667116391366,-0.0001605408785864766
bjet1_pt,0.4257442872269112,0.45720895062736666,0.12355666556604249,0.5782037036376593,0.4053921064621814,0.1659007740736028,0.15335752341085046,0.21821458138849587,-0.07249636998889084,-0.026601667018430693,0.046875144466664735,0.11688097107564012,0.7762497558044755,-0.17166611810431812,-0.04733099775807086,-4.771773703379629e-05,0.0018686111966075142,0.08323900070880803,0.0007634681769207733,0.033168773481230894,0.049405294523181625,-0.0001381115934045335,1.0,2.8400749940888224e-05,-0.0001960724408908335,-0.00027912753954337645,-0.00010828469774146008,0.0007358322938692927,0.000715486580047356,-0.0005395914043701631,0.4182662598178865,-0.006228730167377075,3.451452593910396e-05,-0.00030530843838058906,0.15538090033992005,0.4639119088720462,-0.03303256232506545,-0.0003025844283684577,4.619709025559724e-05,0.08597848847532252,-0.042144006469472514,0.408524720007032,-0.037977732479540886,-8.339673136074201e-05,5.0954657844643824e-05,-1.6888257853668124e-05,0.1291318691898565,-0.00022161194444409398,0.00042935777335586616,0.04916713081519498,0.12997782408208036,0.0006191033963503722,0.31651049181053914,0.2569366438196904,0.08295676231548886,0.34634739384231467,0.023485783234878488,0.49304643638337936,0.00021558667717670076,0.4665413193428355,-0.00014963436151029365,0.11083671280928944,0.4830313760381033,0.3702789661249382,0.37034391672820055,0.08505543824762565
bjet_bijet_dEta,0.00037801794950700126,0.0005088513259295491,0.00025242855482749934,-0.00023150825971632094,0.0003065014828685131,0.00032044388983065757,0.0003033540976567213,0.0001339112072780749,-0.00013483001897006796,-4.146615831319781e-05,-0.00010127561897825351,-0.0006184214310651141,-2.8480629289267465e-06,0.00041120444424349434,0.0016795172643587846,-0.0001776930615728653,-0.0003902869061149105,-0.0011393693885237161,0.0869482936210357,0.00033986185892388477,0.00042237863611495135,-0.00016651823363537826,2.8400749940888224e-05,1.0,-0.11060800707495771,-0.0005568075219422317,-0.07173095946538612,-0.18924604443566254,-0.1349700029430639,1.4600313739988393e-05,0.00038035662199758065,0.0010402491516322216,-0.0002434656191777164,-5.136034523559641e-05,-3.459530639796705e-05,0.0003693533327940847,-0.00019590487711554035,5.492269607659918e-05,-0.08284998367249626,-0.0003137625689645111,-0.00011858438286149723,0.00017564066168807582,-0.0001869910300159589,-0.0002956063089013945,-0.0002265525614318362,0.6454681032609598,0.00016799731732946454,-0.0002483082376945388,0.0005375709785783803,-0.0006019132700482816,-0.00012465368395948534,0.7552130653401388,0.00030377059062162943,0.0007432970144421661,2.4798573002188082e-05,0.000635929276756158,-0.000481310251850528,0.00033043450754849786,0.6378987722145576,0.0004918800665876782,-0.2100888039263427,0.00025848828588935496,0.0004972983116037712,0.000622132613379108,0.0006260418830219976,-0.0004719612694629199
ak4_jet2_eta,-0.0009037308401116728,-0.0008452235528868203,-0.000652721605914041,-0.0004989610028768546,-0.000918816224376391,-0.0006541450727002351,-0.0008803777022547215,-0.0006018060804139914,-0.0003129021489729158,-0.000508334306529751,-0.00014796104752398567,-0.00012775038016625917,-0.0004493118837342823,-0.0008282560791546105,-0.0007009876623138218,-1.212786718562349e-05,5.291429179686008e-05,0.0012202035386408327,0.24664795362061154,-0.0007428555679117628,-0.0001892983774049367,0.0014456780193852084,-0.0001960724408908335,-0.11060800707495771,1.0,0.0005110291823952446,0.200988265350002,0.25333515660230627,0.24272086417281766,0.00026534542369996487,-0.00041822376500021954,-0.0008853973047247637,1.3434198792655696e-05,-0.0002621332436218281,-0.000496027947587399,-0.0006240883849472755,0.0001594965227909845,-6.5109329656282315e-06,-0.05526843535649946,-0.0003662322655957158,0.00020959865107477273,-0.0008300255366817246,0.00017806155433469132,-0.0004726768094070559,-9.617045833536052e-05,-0.277559456706837,-0.0010689428495783445,-0.0005728367314829262,0.00014065092149527497,0.00042724370179440287,-0.00023661758370377686,0.02689401861872655,-6.805608997881e-05,-0.000569722711272974,4.671048536683397e-05,-0.0003634312752244206,0.0008430206421588936,-0.0007544548725404696,-0.23722132255237047,-0.0007278504162033864,-0.34336562624572786,-0.00019931901771334866,-0.0006439589915436562,-0.0006231439276488761,-0.0006302374610992827,0.0001391691598139201
ak4_jet3_phi,-6.754912213719745e-05,0.00015013958987823096,0.00013233558742947152,-0.00028189660703693354,0.0004043752163710289,7.350210526058633e-05,-0.00014073047773309415,-7.78711817086662e-05,0.0004993546743226883,0.0007712948989448818,-0.0006223532921586638,4.339295654598954e-05,-0.0001287507108208591,-0.0004232245075034039,-0.00029673199548512874,-0.0385652603425983,-0.00032521775013538587,-0.0002437642205999856,-2.5142238497498454e-05,-9.850009093675273e-05,0.0003701450211768559,-0.045565371265531125,-0.00027912753954337645,-0.0005568075219422317,0.0005110291823952446,1.0,0.00012974192834310885,0.0003621398788345611,0.0004570053149818995,-0.03671692246448278,0.00013200313756907216,0.00046575592199891297,-0.0001866129928994574,-1.0436141595328212e-05,9.43995575133447e-05,-0.00031256574327308484,-0.00024897993358681314,-0.00038838777824935967,0.0003058471229520108,0.0007011903874822928,-0.00013120406743607493,0.00041656958959237085,-7.388140269168835e-05,0.00022031420803668054,0.00020640871353219583,-0.0005547511652968899,-0.00042122621138182347,-0.0851612381084795,0.0001247958109886899,1.3218409017028596e-05,-0.0005297107862780285,-0.0002694171999109068,0.00034898811286179776,-0.00032575514211935773,-3.391189170048999e-05,-0.0004088698390188465,2.7961128265499573e-05,0.0002030644616693955,-0.0006103286724039488,7.750202544676497e-05,-0.00011586406662885447,0.00035627127616344646,0.0002203879279959202,-2.783005304252823e-05,-2.9754254404179875e-05,0.0002490542707319911
ak4_jet3_eta,-9.297154463015204e-05,-0.00013173084195241687,0.00019634607800910072,-0.0005401700094973321,0.00022226317901159965,0.0001561094243359137,0.00011307826031226142,-0.00043311260728923375,0.00012686502733447427,0.00031026202927819744,-0.0002983198115538364,-0.00044096570130997703,-0.00023075136937648146,-0.0002426154124507017,0.0001615588216691396,0.00021128861455391894,0.0006724524694022506,0.0007172987324090448,0.19678472364461516,-0.0005644391919845454,-0.0004670568553008227,0.0012067380452509251,-0.00010828469774146008,-0.07173095946538612,0.200988265350002,0.00012974192834310885,1.0,0.22645472828698035,0.21555710192640865,-0.00021475687238224292,-0.00023484394662348418,-0.000829742708074401,0.0005442779911568003,9.11834317049066e-05,-0.00024669191430415875,-0.00014165722577050098,0.001002789221723157,-0.00033972181596660984,-0.10127630101021819,-4.252927901722919e-05,0.00015732755218223748,8.724033949559681e-05,0.0007253424408971589,-0.0001792109229085712,-0.00021444185680754343,-0.2544647142042621,7.66846596356866e-05,-0.000353916035109059,-0.00028217874566528023,-0.00013264393359514447,-0.00042108828444636443,0.0107424190798899,-0.0005040603174104485,3.997238381217052e-05,-3.430138755612939e-05,-0.00032349344570086017,0.000700737890280339,1.0465895252219588e-05,-0.2209717958498657,-9.122665444517913e-05,-0.2937587311707267,0.00021405361957675808,-0.0002335329427705454,-0.00016541637056544166,-0.00017198838707311283,-0.00010742095332885015
ak4_jet0_eta,0.00012964646034330959,-1.9430216849691156e-05,1.8335640681702376e-05,0.00026792777456847484,0.00047970805943352876,3.346723783930998e-05,5.99387757675818e-05,-0.0004083418645066604,8.203448036280382e-05,8.504605124341598e-06,-6.680783148534503e-05,1.8434057986109824e-05,0.0006741638909823446,-0.0008693873004115466,-0.00019705088706487817,0.0007708355702783727,0.0001423934494046886,0.0007699041967876077,0.29700126309660574,-0.00018449765299982228,-0.0003915094319974865,0.0016643265223116083,0.0007358322938692927,-0.18924604443566254,0.25333515660230627,0.0003621398788345611,0.22645472828698035,1.0,0.25748743813464864,0.000510364263513523,-0.0002840509446002872,-0.0007951502193811839,8.924990544297087e-05,0.00017855988741210795,0.0002756913229330208,0.0004220253796775185,-0.0003542073835458929,0.00020475246333412155,0.0019199812931798583,0.00040342470344008834,0.00034845595292454863,0.00010980486141695308,0.00038521086264099014,-5.604078192522592e-05,-9.812090680068097e-05,-0.3317425291673714,0.00014935431976320615,-0.0004525279157706246,-0.00029564084536984114,0.0011253528285314594,0.00034327797472703705,0.1942891013998262,-0.0003210230466791734,0.0003245154516683763,5.6025415557190594e-05,-5.4749374427901724e-06,0.0002892244411109364,-0.00011833053063965902,-0.2943375437678459,0.00011077416586747463,-0.39791400554760187,0.0002661112216214055,-0.00013329834315064907,6.857301040546758e-05,6.906342156795269e-05,0.00015342024386999896
ak4_jet1_eta,0.00013891272350948105,8.019040462166961e-05,-0.0006699263856203997,0.000428724700261816,0.00029955121450460175,-0.0006382989187193245,2.490887244989346e-05,4.338943216060628e-05,-0.00038803107471122614,-0.0005327553156106477,0.00022001519699652475,-6.738647888654054e-05,0.0007227712908390851,-0.0003357998908056447,-0.0009746717531851967,-0.0004552510383372863,0.0002465340982743666,0.0008183249270384471,0.30221472483469036,-1.0912809189402398e-05,-0.00033798920702055843,0.0015322049339557466,0.000715486580047356,-0.1349700029430639,0.24272086417281766,0.0004570053149818995,0.21555710192640865,0.25748743813464864,1.0,-8.518256823739789e-05,2.115471006734271e-05,-0.0007772327436100354,-2.550869434330941e-05,-1.7109427804268754e-05,0.0003734437101360115,0.00014111244225523361,-2.409401470671551e-05,-9.703205622673672e-05,-0.01255905795805236,0.0004274490468519915,-0.00022710461253671953,0.0002373205938177493,-0.000435382488657833,3.141193253157096e-06,9.888352726009645e-05,-0.2593770864746484,0.00015791978358459634,-0.0005425728130759437,2.559628087063384e-05,0.00043931144141262754,0.000241096679252884,0.08069507813251173,-0.0001480075204162103,-0.000570674807031339,-0.0006248582395372109,0.00010010941612693863,0.0005175977760529689,-0.00013742768430304904,-0.21511658738896564,0.00015088789110683925,-0.38143441676762274,0.00041350394991441266,-5.221882285543071e-05,-0.0003852055785212849,-0.00037685231862376236,0.0009501704383266113
ak4_jet2_phi,-0.0002590950692485232,-0.000310693936883262,-0.00044831268926591705,-1.7554655786574483e-05,-0.0003384212459853033,-0.0004522831875405165,-0.00016793514562579725,-4.96042369455057e-05,-8.373688382367241e-05,-5.553504382188971e-05,-0.0002020219162435213,0.00032711446598301757,-0.0002038791644237585,-0.00018254082497802393,-0.0003537350431639407,-0.050809396978836144,0.0002607105341495233,-0.00022499247581461,0.00037291408740960854,-0.0001592149534946425,-9.945086853254504e-05,-0.05965489037422224,-0.0005395914043701631,1.4600313739988393e-05,0.00026534542369996487,-0.03671692246448278,-0.00021475687238224292,0.000510364263513523,-8.518256823739789e-05,1.0,-6.388954953510808e-05,4.6468993780268156e-05,-0.000367585448153564,3.87262863306158e-05,0.00025302161326346147,-0.0002889974980216964,-3.723316204280295e-05,-0.0005170238830869331,-0.0005674161096429971,0.0007638015799631115,-0.00016086243692364554,2.887513830750842e-06,0.00029951818423008873,0.0001305212476509307,0.00011776895019169254,6.280529278645766e-05,-0.00034876457925330905,-0.10404463743854545,0.00011537821500405581,0.00020315466543641332,-0.00022954281895898725,0.00011239024976288201,-0.00010522854930215891,-0.0005045697414861445,-0.0005325508331781182,-0.00033491605678645395,-0.00022818129604752996,-0.0004522128013533861,6.188864244137966e-05,-0.00032741831637546153,-5.975309659502272e-05,0.0003350515228590138,-0.00034965382853018945,-0.00044170698960728234,-0.00044007224958431444,-0.00017256360821623324
ak4_jet2_pt,0.45385164093123903,0.7432261977788038,0.4660855905158356,0.3915927231842646,0.49843668047216094,0.5052925545543008,0.20258177395108676,0.16759955797423828,0.026891135758802538,0.04172909113068733,-0.2061981986099981,0.03464819296315052,0.5510296589893787,-0.2318415762123215,-0.018482235328820717,0.0002700472460454732,0.005243883759688636,0.048391776041321014,0.00010682069553197179,0.04480612745433895,0.3299644894126456,0.00012176451244419237,0.4182662598178865,0.00038035662199758065,-0.00041822376500021954,0.00013200313756907216,-0.00023484394662348418,-0.0002840509446002872,2.115471006734271e-05,-6.388954953510808e-05,1.0,0.2582343918198756,0.00046238891364684686,0.0005256274339338433,0.4196739955675023,0.3966524757205958,0.02828493760401146,-0.00036592321000625114,-0.00048224086795907114,0.10614108258429147,0.040412138372701446,0.6362252777100118,0.03006035149862233,-0.000557733539252371,-0.00021738336817617385,0.00020381002198541917,0.17626261797757847,-8.183304925689424e-07,-0.00018895119299076272,-0.10246448076957496,-0.1791340658929682,0.0002316778573200509,0.7209457773323711,0.46134133230025176,0.3731446865938469,0.48019095610659135,0.056008787392359406,0.7159607057129729,0.0002811645909833288,0.5679978629250516,0.0001389998711690932,0.1361818410514383,0.8060833271739728,0.6597164302908965,0.6595687331022962,-0.018092276004614046
nAK4_nonbtag,0.1329613309328326,0.36613614238567427,0.19880611389617772,6.825817601403817e-05,0.12213251010312008,0.22235535022441366,0.1070194110747266,0.0767354732830625,-0.018951636940101622,-0.009041807192722438,-0.08193703329955032,-0.027479735124067723,0.015581303608405737,-0.00840826243122066,-0.00039893641139482783,0.0002568758320924052,0.004831113816792079,-0.5022327934804146,-0.000593618854122005,0.037850729046132736,0.8090863991883632,-0.0003615526422846583,-0.006228730167377075,0.0010402491516322216,-0.0008853973047247637,0.00046575592199891297,-0.000829742708074401,-0.0007951502193811839,-0.0007772327436100354,4.6468993780268156e-05,0.2582343918198756,1.0,0.0004856718349666936,0.0001865905834150459,0.031023884067068897,0.09254145056454512,-0.13231019385516757,0.00017781886232380464,-0.0002995338072319763,0.20781798317824096,0.03833549593725181,0.2686892928087301,0.03190592407813875,-0.0002764572877523089,-4.750599020092029e-05,0.0005532384208808576,0.08633085953234439,-0.00034902639132366434,-0.0004603497750064591,-0.23723057287106625,-0.18822986316948806,0.0003931391466683983,0.3625083393633072,0.14676066055164014,0.10596107532709999,0.2548236772071529,-0.1613958237561039,0.19138737202118514,0.0005752748841733891,0.18569521818724224,-0.00019269213676413287,0.07090770004704756,0.3963206464122757,0.40397287197754944,0.40389185069848427,-0.20304420698471562
jj_lnu_dPhi,0.00033838575308817783,0.0006656874279136449,0.0002817228812119489,0.00033088208228159696,0.0007586865286395518,0.0003057602018516924,0.0001882236284015556,-0.00017352514008569218,-8.296421153728728e-05,-0.00030349375318098866,-0.0006444571082702933,-9.714350090353151e-06,0.0004371836394580957,-0.0004453056153065959,-6.240294394793738e-06,0.000638162662213944,0.00013218917491459933,-0.0002992124118858733,0.0002527071597956271,0.00018493338178848876,0.00035537285087576065,0.00027801284620075124,3.451452593910396e-05,-0.0002434656191777164,1.3434198792655696e-05,-0.0001866129928994574,0.0005442779911568003,8.924990544297087e-05,-2.550869434330941e-05,-0.000367585448153564,0.00046238891364684686,0.0004856718349666936,1.0,0.41457446487488636,0.0006484323581529553,0.0004371180452669677,3.553008581739514e-06,-0.031143343856304226,5.671315959761056e-05,0.0005904491339562535,0.32390573830229463,0.0007068569898095027,0.21170954727827876,-0.3049673935607452,-0.2848612213745516,0.00010367117077225375,3.4329458802710774e-06,2.572084337261519e-05,-0.4727897155327709,-4.001828454478364e-05,-0.0002573411837716816,-0.00014581546572704814,0.0004307845412268449,-2.8699353241301804e-05,-0.00021420528269828506,0.0003981870576572711,-1.2886241561869005e-05,0.0006271940694345413,0.00015806054102413908,0.0006135292007034269,-5.5654917763634024e-05,0.0005354887985356905,0.0006676689440041148,0.0004365741601980576,0.0004397999632463067,-0.00018375048610902618
jj_l_dPhi,0.00028947933031514545,0.0005846033924375525,0.0003732081591446468,0.00016919689864391014,0.0006874874377577688,0.0003478411022005021,0.0004088308962226492,-0.0002945001506179629,0.0001908067017932695,-3.83634192439273e-05,-0.0007686783163466736,0.00013971709341488846,0.00021486795081654278,-0.0007590530105885713,-0.0003038171366896916,0.0001572646768722351,0.00039685103114801075,-5.642059033941609e-06,0.0003326088958955278,7.97999747382402e-05,0.00021082195986737437,0.0001698906264396972,-0.00030530843838058906,-5.136034523559641e-05,-0.0002621332436218281,-1.0436141595328212e-05,9.11834317049066e-05,0.00017855988741210795,-1.7109427804268754e-05,3.87262863306158e-05,0.0005256274339338433,0.0001865905834150459,0.41457446487488636,1.0,0.0006606152215807923,-8.166002919429501e-05,7.081233301945259e-05,-0.023734068939883418,0.00010376427234722751,0.00042318825096522393,0.212750001476638,0.0006587328745278418,0.2530105113317666,-0.2305893689763723,-0.20800449929566414,0.0002836266722001812,0.00045322214472569104,-0.00044535539977564014,-0.3047936442278692,0.0002506694017299337,-0.00048245768529383296,0.00024668214373919244,9.700527165414682e-05,-0.00021554024310214327,6.740618474086904e-05,-9.812095227948406e-05,0.0001952780914074654,0.0006057322500751126,0.00028589188249520135,0.0003905498776256237,0.000568963339643663,0.00024484630828087203,0.0005055767813447477,7.441704291139341e-05,7.776304986813526e-05,-0.00022904028638896491
bjet0_pt,0.41931286433133236,0.4579704309809085,0.14480591586290156,0.5207321600137177,0.4252291469124785,0.1823982798543487,0.12501067430390111,0.1754421758711206,-0.0671784831037648,-0.010866385093016465,-0.06943010454726035,0.10294882829147345,0.7433831411991416,-0.19917344859457856,-0.03769610973326147,0.00026607639528698486,0.003470821203696683,0.030276130884605342,-1.0757464489348721e-05,0.05127894894974246,0.0562665827665482,-0.0001428071845209766,0.15538090033992005,-3.459530639796705e-05,-0.000496027947587399,9.43995575133447e-05,-0.00024669191430415875,0.0002756913229330208,0.0003734437101360115,0.00025302161326346147,0.4196739955675023,0.031023884067068897,0.0006484323581529553,0.0006606152215807923,1.0,0.5025883866819961,-0.21894882519016337,-0.0005117872008183128,-0.0005099004542401379,0.11324075457100795,-0.03148349311554315,0.4141483883594077,-0.022985532928487748,-0.0005668982840769758,-0.00046186870517241513,-9.908137068046016e-06,0.10293820346707065,-0.00023660434048003377,-0.000492875121880671,0.3602577893180277,0.08804280572942297,0.0003234547886874644,0.2822123401513096,0.23970429729150314,0.10296759727303563,0.34862450583464777,-0.13275973964090118,0.5348611144847302,0.00011281211883748006,0.4779104860055238,-0.0001411368179116209,0.09509975944900376,0.4956843361010754,0.3608645208835897,0.36118956770741195,0.09664682488784389
bjets_pt_bb,0.46087464739635275,0.5322367895410894,0.23140931879370719,0.2302591001246285,0.35757167276205853,0.31110965506199617,0.2257578027501376,0.2933639103861034,-0.21822202272985394,-0.1168786450026477,-0.1208701855884532,-0.37650857564990053,0.6348498479675144,0.052036726850521194,0.20919230367280592,0.0005705278822535783,0.002574849921737986,-0.006386693424375837,0.00020601900179330546,0.08656135294883077,0.10212045303838091,-2.760415565767872e-05,0.4639119088720462,0.0003693533327940847,-0.0006240883849472755,-0.00031256574327308484,-0.00014165722577050098,0.0004220253796775185,0.00014111244225523361,-0.0002889974980216964,0.3966524757205958,0.09254145056454512,0.0004371180452669677,-8.166002919429501e-05,0.5025883866819961,1.0,-0.03564472012740854,-0.00012948184484662685,-0.00029832205604361415,-0.13935531644047727,0.08622467739271662,0.3569775171599942,0.10066039455725041,-0.0004296566820978162,-0.0004988584703764454,0.00028635396772502516,0.18717020318643623,-0.00022723305032193948,2.263346987992039e-05,0.10707121830789382,0.1289357707153004,0.0004387616219490691,0.2908926244063641,0.3626737222166102,0.17575788102653878,0.7045722261655708,-0.047990908446295624,0.5165709348059047,0.0003259697655086621,0.5723659919835583,0.00010006974712043546,0.15969695827540487,0.5437012834897585,0.4411698020601592,0.44211771203814504,-0.03728614771387951
ak4_jet3_bscore,-0.031520213678492705,0.034818386117987925,0.11920625191746693,-0.14953098106842774,0.006659302738208017,0.11629172923847665,0.039520245786607545,-0.05104758298149553,0.05598686107423614,0.03603827698774611,-0.07718128143528748,-0.06250425029248086,-0.16209396667083872,0.012986270805786697,0.03396586673963641,0.0002523504936195605,-0.001599243795853584,0.2189724526475876,6.374390389734134e-05,-0.009772649388506492,-0.00339337879099043,-0.00019486536655791058,-0.03303256232506545,-0.00019590487711554035,0.0001594965227909845,-0.00024897993358681314,0.001002789221723157,-0.0003542073835458929,-2.409401470671551e-05,-3.723316204280295e-05,0.02828493760401146,-0.13231019385516757,3.553008581739514e-06,7.081233301945259e-05,-0.21894882519016337,-0.03564472012740854,1.0,1.1268736387349974e-05,0.00033042009055440105,-0.04130842456463182,0.04634992409416915,0.0321303061298914,0.034130333348482984,-9.368946082232936e-05,-3.527337756224331e-05,-2.5788240833687277e-05,0.03792172505392223,0.00016783925534438442,8.420957037579551e-05,-0.18265775945128135,-0.12301531287611434,-0.0003670720217808853,0.06967465173189202,0.05327527809990082,0.10117656262775196,0.016392165316343518,-0.15465694520823334,0.00883557424402545,-0.00012942772434374242,0.018876883513667297,0.00031426893021843877,0.023305417010287294,0.024687909001642555,0.0326219490910012,0.03248164569719242,-0.18174799405890554
bjets_dPhi,-0.00022537769900750324,-0.00040972316563831965,-0.00015494740060366318,-0.0002054668024171497,-0.0006508376069281023,-0.00012745347592323173,-0.00029278740006477897,0.0002312267251032252,1.0864613583051226e-05,8.98474529129592e-05,7.704195957316703e-05,9.181014203909367e-05,-0.0005314871977073538,-0.00010363177390937212,0.0005046818936832443,-0.0009029935437502122,0.00011164124226886743,-0.00037427954847518024,0.00034839929423676207,0.0002777791085521172,-4.980266405672812e-05,0.00021784891268897906,-0.0003025844283684577,5.492269607659918e-05,-6.5109329656282315e-06,-0.00038838777824935967,-0.00033972181596660984,0.00020475246333412155,-9.703205622673672e-05,-0.0005170238830869331,-0.00036592321000625114,0.00017781886232380464,-0.031143343856304226,-0.023734068939883418,-0.0005117872008183128,-0.00012948184484662685,1.1268736387349974e-05,1.0,-0.0003062090807728663,-0.00026904797451589253,-0.009696383494260242,-0.0005854612710602927,-0.007766722723127676,0.039656845857456886,0.008063759458109603,0.0001902026897172125,-0.000249599727884935,0.0010375630272051607,0.04148535437727704,-0.00017049770620291608,0.00034504834641970003,6.36244565852492e-05,-0.000240238669575652,-0.00011496804139723491,2.776537943036904e-05,0.00024008170558681644,-0.0001180671669336785,-0.00036485602041148326,0.0002556887487757723,-0.0003906261403661859,-8.314940749566746e-05,-0.0002710076554296441,-0.0003506028593971576,-3.783533370097593e-05,-3.2330651600002115e-05,-0.00016873982867264743
bjets_dEta,-0.00022740830429261957,-0.00042455998481190984,-0.00029312486048021466,-0.000527364884260632,-0.00010188363194759556,-0.0002557165099910134,-0.00041571144102889096,8.810182963228583e-05,-0.00013378075898361894,0.0001966407399352889,-5.061226768539448e-05,-0.0004525506257028373,-0.0002941268745662736,0.0001918486481203726,-0.00022277426764757556,-1.3437134850800752e-05,0.0001392655139978752,-0.00032682576921463176,0.061409907030116055,-0.0002127755749773678,-0.000566705302691067,-0.00019337898560214915,4.619709025559724e-05,-0.08284998367249626,-0.05526843535649946,0.0003058471229520108,-0.10127630101021819,0.0019199812931798583,-0.01255905795805236,-0.0005674161096429971,-0.00048224086795907114,-0.0002995338072319763,5.671315959761056e-05,0.00010376427234722751,-0.0005099004542401379,-0.00029832205604361415,0.00033042009055440105,-0.0003062090807728663,1.0,-0.00034555541909925725,-0.0002627043320776426,-0.0004519522984698343,-0.00029150205611672527,3.80553552732987e-05,6.013081491540331e-05,0.05715225737368808,0.00017789867082245285,-1.7913708073941697e-05,-0.0002022525244239876,4.6215547815007506e-05,4.094410808861886e-05,-0.06129358417996809,-0.00037179981365784284,-0.000587994890392119,-7.885897535436549e-05,-0.00010552888672713926,-0.0003796920553517902,-0.00040879016756828083,0.06280933038722682,-0.00016055977568674948,0.1252795144823427,-0.0004638704315033269,-0.00045028029826474526,-0.000624189268016847,-0.0006256092632224635,-0.00011215030612635524
trijet_pt_rat,0.29835120315815716,0.2553288174942862,0.15434341650045122,0.18355481593090264,0.43832842334622346,0.14338019404988528,0.26842861350726066,0.025476904182942624,0.23173790722689652,0.1847499171588348,-0.05436516876185145,0.310756931795123,0.13048269352480862,-0.20475756884591928,-0.5390619717943148,0.0003110072867596015,-0.0019325347692345917,0.021384730275433323,0.00036707201670072546,0.0318899966099727,0.2536102116093305,-0.0009756141840129053,0.08597848847532252,-0.0003137625689645111,-0.0003662322655957158,0.0007011903874822928,-4.252927901722919e-05,0.00040342470344008834,0.0004274490468519915,0.0007638015799631115,0.10614108258429147,0.20781798317824096,0.0005904491339562535,0.00042318825096522393,0.11324075457100795,-0.13935531644047727,-0.04130842456463182,-0.00026904797451589253,-0.00034555541909925725,1.0,-0.08138976533947118,0.5335053529786175,-0.09962662059243901,-0.0004678693964465968,-0.00013836426091511607,-0.000537992673452164,0.21083964758799642,-4.688478219005452e-05,-0.0001524578068802548,-0.012359861548462754,-0.48582244699312205,0.00025703352715640603,0.09787915207415611,-0.16476810618602028,-0.13523556398109,-0.0337753129890583,-0.049624601191894845,0.1503823052240624,-0.0003559597788518345,0.15536105537848638,-2.7935754437995704e-05,0.20057818261616267,0.1940788886912456,0.20528184393812954,0.20560539978450226,0.01819382556429834
min_b_lnu_dPhi,-0.0027464764150700927,0.04562639367674383,0.06847737117335066,-0.08205999912327096,0.04176131395440131,0.06905883982888618,-0.004117531987239857,-0.028471533553032696,0.030181083716257898,-0.011595741727353549,-0.21021203829172,-0.16286300837842513,-0.04862727926632072,-0.017064983971822965,0.11784141115712139,0.00038177957942044414,0.0007134485150622413,4.027603645322996e-05,-0.00016823353343164277,0.03456337845706067,0.044129063258432265,-0.00025260564217089603,-0.042144006469472514,-0.00011858438286149723,0.00020959865107477273,-0.00013120406743607493,0.00015732755218223748,0.00034845595292454863,-0.00022710461253671953,-0.00016086243692364554,0.040412138372701446,0.03833549593725181,0.32390573830229463,0.212750001476638,-0.03148349311554315,0.08622467739271662,0.04634992409416915,-0.009696383494260242,-0.0002627043320776426,-0.08138976533947118,1.0,0.016756344348518568,0.43971599546355367,-0.34755937746298055,-0.26971032619926816,-0.00023476889205650044,0.003708978156496107,-0.0008398316590240435,-0.41682168506037165,-0.09539054351215233,-0.07241663715420121,-9.864177900861267e-05,0.04000391175623475,0.05855691260973541,0.04391564355210267,0.04434378609748967,0.029468160471951364,0.04004802796284278,-0.0003259599833787338,0.050976048513709044,-0.00011905525020023605,-0.011547951539072253,0.05648706747390197,0.04552868422525581,0.046105962008600135,-0.0014849137581644562
trijet_pt,0.6431312102877387,0.8924505091064348,0.6561534644687823,0.38549777196573465,0.8199880151699508,0.6866696673994341,0.5432319518623816,0.12320944838694595,0.18807195389115003,0.17576793930248455,-0.1901910247796495,0.13433855239531556,0.5409074542249248,-0.28587470264988346,-0.2228469927183642,0.0005163127923019361,0.002317991652636605,0.012360655198799529,0.00024787847285721317,0.08916245590874373,0.31750447339254595,-0.0008124572256077733,0.408524720007032,0.00017564066168807582,-0.0008300255366817246,0.00041656958959237085,8.724033949559681e-05,0.00010980486141695308,0.0002373205938177493,2.887513830750842e-06,0.6362252777100118,0.2686892928087301,0.0007068569898095027,0.0006587328745278418,0.4141483883594077,0.3569775171599942,0.0321303061298914,-0.0005854612710602927,-0.0004519522984698343,0.5335053529786175,0.016756344348518568,1.0,-0.003166562271181394,-0.0006008820056548209,-0.0002723539754578325,-0.0001607195076821198,0.45908656400907355,-5.618135381757275e-06,-0.00016378073616414555,-0.18025527983140294,-0.3225377537149104,0.0004178016488945756,0.5199689056248791,0.4000523653595704,0.3131953078270995,0.4632742746619968,0.027734306084356064,0.7307434643838155,5.101634400936626e-05,0.830812757033074,3.7721545197308958e-06,0.37251679896878476,0.8423204670591016,0.7447062474467673,0.745309274573155,0.022843858087726553
min_b_l_dPhi,-0.0008556342213218692,0.0362560776037209,0.05063696874416633,-0.0784827335458343,0.008618914392959092,0.055030919802619684,-0.004809014654853564,-0.04630240388889024,-0.014063348364024893,0.043717650295366534,-0.12976527192411488,-0.16876647681274093,-0.04038314202439544,-0.09464218173464793,0.12539322670012507,0.00028066712401570516,0.0011735025417429381,-0.002422019700936827,-0.00016994191671195082,0.0239136783553086,0.035058967725794934,-0.00041534446037281094,-0.037977732479540886,-0.0001869910300159589,0.00017806155433469132,-7.388140269168835e-05,0.0007253424408971589,0.00038521086264099014,-0.000435382488657833,0.00029951818423008873,0.03006035149862233,0.03190592407813875,0.21170954727827876,0.2530105113317666,-0.022985532928487748,0.10066039455725041,0.034130333348482984,-0.007766722723127676,-0.00029150205611672527,-0.09962662059243901,0.43971599546355367,-0.003166562271181394,1.0,-0.24053920426869285,-0.16700545814664933,-0.0004562378523525803,0.005425578960126216,-0.0007001002563001033,-0.2559714440195805,-0.06820728368243971,-0.03347741430029428,-0.00020089567827529615,0.030073416206698452,0.05291856544159961,0.03794915555303615,0.06329406807182239,0.01887159561560257,0.030644417653660633,-0.00044476416717100203,0.043162095821051606,-7.385788455761129e-05,-0.014613480949037954,0.045465504054463785,0.03774656864321281,0.03816663766490488,-0.0051098496067288396
bjet_bijet_dPhi,-0.00031143614644009595,-0.0006345133966352226,-0.00019368485039996972,-0.00029290091146522086,-0.0004490711411329457,-0.0002532837849610152,-0.000366144010693149,0.00033123692166317845,-4.326716999757789e-05,-0.00016902763517767552,0.00014766569859330365,-9.623662958700242e-05,-0.00041824813822025726,0.0006033392382003076,0.00034261299996592447,-0.00023770945126244076,0.0005251084065325862,0.00023807264577997844,-0.00026688161788172447,-0.000491043798453926,-0.00015624133367973992,0.0001219605277704866,-8.339673136074201e-05,-0.0002956063089013945,-0.0004726768094070559,0.00022031420803668054,-0.0001792109229085712,-5.604078192522592e-05,3.141193253157096e-06,0.0001305212476509307,-0.000557733539252371,-0.0002764572877523089,-0.3049673935607452,-0.2305893689763723,-0.0005668982840769758,-0.0004296566820978162,-9.368946082232936e-05,0.039656845857456886,3.80553552732987e-05,-0.0004678693964465968,-0.34755937746298055,-0.0006008820056548209,-0.24053920426869285,1.0,0.7746220888043852,-0.00013802185397137278,-0.0002538296110281697,-2.228098922114366e-05,0.3496274144599364,0.0001428657624642409,-0.00010377238607732523,-0.0002763189811019038,-0.00042264496021095276,-2.049904692021332e-05,-0.00017066358964164927,-0.0005779738664538265,-8.463179686580256e-05,-0.0005924147222479782,-0.000226127950895853,-0.0005536076266162524,0.0003609871468058726,-0.0003599371755110522,-0.0005975572250782316,-0.00027181700460710104,-0.0002812468039834581,0.0002103238576862854
trijet_bijet_dPhi,-0.00034998156885931195,-0.0002942089817802241,-0.00016225586063018453,-0.0003021586520786598,-0.00018536649138268952,-0.00021755541287851634,-0.00029216179636795935,-0.00021172825127974655,0.00028024069603851216,0.00020819196068826696,0.00018011254466886325,-4.150993201861122e-05,-0.00026025284802775136,0.00012084359466245469,-8.621319848639695e-05,-0.0001868433671231476,0.0004708150247005181,0.00035786462937526127,-0.00018623051578800376,-0.0005516355047975202,0.00018856050335762042,-0.00032453281351817637,5.0954657844643824e-05,-0.0002265525614318362,-9.617045833536052e-05,0.00020640871353219583,-0.00021444185680754343,-9.812090680068097e-05,9.888352726009645e-05,0.00011776895019169254,-0.00021738336817617385,-4.750599020092029e-05,-0.2848612213745516,-0.20800449929566414,-0.00046186870517241513,-0.0004988584703764454,-3.527337756224331e-05,0.008063759458109603,6.013081491540331e-05,-0.00013836426091511607,-0.26971032619926816,-0.0002723539754578325,-0.16700545814664933,0.7746220888043852,1.0,-0.00020395769965026828,-0.0002593850674016844,-0.00017671573838063144,0.35131936815252407,0.00010499251493106319,-0.0004660252639045442,-0.0002763838455275702,-8.642847411251614e-05,-0.00023550396470800442,-0.00025069423522823867,-0.000438792624939749,-1.3388674821641922e-05,-0.0001339169830513927,-0.0002853686369979677,-0.0003426005871388216,0.00018831824934755542,-0.0002323339136100705,-0.00021837872301588135,-0.00026955746295740616,-0.0002790538739303803,0.00024728208154436434
jj_lnu_dEta,0.00016667172070227573,0.00026635773189139634,7.636230300762263e-05,-0.000704785244707911,0.0002461150985755432,9.022864796211471e-05,0.00014463817885323725,0.00019310068264897015,-5.188641894320436e-05,-8.433867492297735e-05,-0.0003966785260349364,-0.0008401230149081156,-1.7757998410875133e-05,0.00028623320295910915,0.0008908060630514547,5.2192321314414926e-05,0.00018740112739774572,-0.0009873158057996658,0.4204097548505924,-1.4310913639430496e-05,-3.454662366974835e-05,-0.00041663102386730396,-1.6888257853668124e-05,0.6454681032609598,-0.277559456706837,-0.0005547511652968899,-0.2544647142042621,-0.3317425291673714,-0.2593770864746484,6.280529278645766e-05,0.00020381002198541917,0.0005532384208808576,0.00010367117077225375,0.0002836266722001812,-9.908137068046016e-06,0.00028635396772502516,-2.5788240833687277e-05,0.0001902026897172125,0.05715225737368808,-0.000537992673452164,-0.00023476889205650044,-0.0001607195076821198,-0.0004562378523525803,-0.00013802185397137278,-0.00020395769965026828,1.0,0.0003138528964753364,-0.0009855374590046918,0.0005773407514490074,-0.0003015837506692088,-0.00014021214179965553,0.39670254722349646,3.3418413688869006e-05,0.00018166096483241534,-7.736415820840613e-05,0.00012068253667658976,-0.0005832795056578997,0.00010993217701846518,0.958395888159574,0.00011261061003091178,0.3580802584625961,0.0004838842456454364,0.0001071351715141504,-7.068762134450353e-05,-7.198783090936743e-05,-0.00022837433947278668
met_pt,0.5733409125045444,0.5035817084024842,0.5036018913153943,0.07572467835857775,0.5508339274130403,0.5099122978344809,0.7528253803813301,-0.004411955514514189,0.10248947372746206,0.043066901772444655,0.009495358318749429,-0.018599296537737463,0.1531265424347555,-0.025583430633872067,-0.0746460213022652,0.00017271447106946737,0.006572206385026305,-0.03910814100187361,0.00045456868167355227,0.1030836726204957,0.07273754291001353,0.0007540702475102617,0.1291318691898565,0.00016799731732946454,-0.0010689428495783445,-0.00042122621138182347,7.66846596356866e-05,0.00014935431976320615,0.00015791978358459634,-0.00034876457925330905,0.17626261797757847,0.08633085953234439,3.4329458802710774e-06,0.00045322214472569104,0.10293820346707065,0.18717020318643623,0.03792172505392223,-0.000249599727884935,0.00017789867082245285,0.21083964758799642,0.003708978156496107,0.45908656400907355,0.005425578960126216,-0.0002538296110281697,-0.0002593850674016844,0.0003138528964753364,1.0,5.754846034099049e-05,0.0001822953496541237,-0.12480653530843468,-0.08807555732340623,0.0002738147570321544,0.13698351202386874,0.21176358563270573,0.1586134611228209,0.2122741970022619,0.025869177365611114,0.20529428496819047,0.00040764727472817464,0.3655263601341804,0.0003856434648409846,0.03669767570687726,0.2941842034901798,0.3973721952782266,0.39836127512683167,-0.025280355086292162
lep0_phi,0.000359615098588555,-5.3073593239801065e-05,5.08060609658571e-05,-0.0004241979822623272,0.00036240387643550964,0.00011971512080472724,0.000688833177401544,0.0003484837038775052,-0.0006497971863318863,-0.0006025624435401055,0.0001694068965269706,-0.00020057029713320933,-0.0003010463878692865,0.00020981129159900882,-0.0004097310603628833,-0.0973097111871036,0.0005428046105835617,0.00043472415009681805,-0.0016557696157995382,0.0004852123982542249,-0.00010607749554068616,0.05390864302023292,-0.00022161194444409398,-0.0002483082376945388,-0.0005728367314829262,-0.0851612381084795,-0.000353916035109059,-0.0004525279157706246,-0.0005425728130759437,-0.10404463743854545,-8.183304925689424e-07,-0.00034902639132366434,2.572084337261519e-05,-0.00044535539977564014,-0.00023660434048003377,-0.00022723305032193948,0.00016783925534438442,0.0010375630272051607,-1.7913708073941697e-05,-4.688478219005452e-05,-0.0008398316590240435,-5.618135381757275e-06,-0.0007001002563001033,-2.228098922114366e-05,-0.00017671573838063144,-0.0009855374590046918,5.754846034099049e-05,1.0,0.0006993089575994753,0.0002336949982042374,-7.085906937521245e-05,-0.0002928478431464588,-0.00042708904920503503,-0.0003464990148379274,-7.121741897891666e-05,0.0006315102037504832,-0.00024142985009488019,-0.0003340880500828977,-0.0009789372902404424,6.908458877370633e-05,-0.00017376932072263416,0.0002221603328023445,-0.0001352887462364348,-8.888212533274629e-06,-1.9243410843846172e-06,0.0004717423578414519
bb_lnu_dPhi,-0.00011860282335913817,-0.0001247434151059607,-7.45882440020566e-05,-0.00017307744515879928,-0.000158471115439603,-8.650153527350433e-05,-4.5892951700644866e-05,-0.00019676920667370044,0.0003168823754786191,0.00043567339644442983,0.00025292933196208715,-0.00020272209947760214,-2.382769782253165e-05,-3.819311584008116e-05,-4.821229426791997e-05,-0.0007188877536127784,0.0002890467822370354,0.0006301870946903143,0.00015807427473312564,-0.000290768948214861,-0.00010130489271187863,0.0010470301727926897,0.00042935777335586616,0.0005375709785783803,0.00014065092149527497,0.0001247958109886899,-0.00028217874566528023,-0.00029564084536984114,2.559628087063384e-05,0.00011537821500405581,-0.00018895119299076272,-0.0004603497750064591,-0.4727897155327709,-0.3047936442278692,-0.000492875121880671,2.263346987992039e-05,8.420957037579551e-05,0.04148535437727704,-0.0002022525244239876,-0.0001524578068802548,-0.41682168506037165,-0.00016378073616414555,-0.2559714440195805,0.3496274144599364,0.35131936815252407,0.0005773407514490074,0.0001822953496541237,0.0006993089575994753,1.0,0.0002388461830312495,-0.00017407378426025378,0.00039739418697084866,-8.21105228791762e-05,-0.00010956757233271699,-2.2882255695907988e-05,-0.00015294865740457682,0.0003717488166381379,-0.0001749728342031736,0.0005032556554996923,-6.987588544114078e-05,-0.00013592302635427597,-0.00026938451594455776,-0.00013903900350418239,-0.00013370743043145244,-0.00013650519204179136,2.7694529971508866e-06
ak4_jet0_bscore,-0.037934475823011696,-0.171962090006382,-0.3010483003298015,0.20511743662437282,-0.09831101729527982,-0.29618284770390646,-0.14392222989048695,0.02543796903457206,-0.14369098882575754,-0.08154135624947162,0.13884179681799844,0.09995119276452807,0.26319855563138084,-0.021515515709197904,-0.03888329508849434,0.00030677978849519267,0.00011040851699117707,0.24020430804850634,0.00045987998901118486,-0.008749468133858969,-0.10966565118557087,0.0005112441820363532,0.04916713081519498,-0.0006019132700482816,0.00042724370179440287,1.3218409017028596e-05,-0.00013264393359514447,0.0011253528285314594,0.00043931144141262754,0.00020315466543641332,-0.10246448076957496,-0.23723057287106625,-4.001828454478364e-05,0.0002506694017299337,0.3602577893180277,0.10707121830789382,-0.18265775945128135,-0.00017049770620291608,4.6215547815007506e-05,-0.012359861548462754,-0.09539054351215233,-0.18025527983140294,-0.06820728368243971,0.0001428657624642409,0.00010499251493106319,-0.0003015837506692088,-0.12480653530843468,0.0002336949982042374,0.0002388461830312495,1.0,0.29673968735142225,-0.00015200948747741454,-0.11043221828121595,-0.1523347086911288,-0.2044033519112639,-0.05976122290613233,-0.2025905599447121,-0.09657841379590684,-0.00022500000861095496,-0.13883827970151585,-9.042701420678804e-05,-0.08649507483537784,-0.1477512044125048,-0.17657908408689535,-0.17641477496733785,-0.19649911852568092
trijet_bijet_dR,-0.16346677512733218,-0.21217356364800605,-0.25132385978563604,0.15576213449492782,-0.2632144923864456,-0.23999056143309233,-0.10054722424252753,-0.0005341927840693133,-0.15145877327932855,-0.06547131242886929,0.3037186612344673,0.018053922177795282,0.1441934382993044,0.15568240836555597,0.5305832588353695,0.0001948207516423359,-0.000833907258365386,0.00358174674962436,-0.0005607915696326677,0.0157312777594595,-0.21410804023917226,0.00011219162868808813,0.12997782408208036,-0.00012465368395948534,-0.00023661758370377686,-0.0005297107862780285,-0.00042108828444636443,0.00034327797472703705,0.000241096679252884,-0.00022954281895898725,-0.1791340658929682,-0.18822986316948806,-0.0002573411837716816,-0.00048245768529383296,0.08804280572942297,0.1289357707153004,-0.12301531287611434,0.00034504834641970003,4.094410808861886e-05,-0.48582244699312205,-0.07241663715420121,-0.3225377537149104,-0.03347741430029428,-0.00010377238607732523,-0.0004660252639045442,-0.00014021214179965553,-0.08807555732340623,-7.085906937521245e-05,-0.00017407378426025378,0.29673968735142225,1.0,0.00030924373340692244,-0.16051941437573228,0.1607231482879181,-0.09351534566510229,-0.013250109195527635,-0.08746198846285216,-0.18404962666898939,-0.00021925961782586073,-0.1397459839547377,-0.0002035997262282989,-0.07545814811624527,-0.20980650162610712,-0.12910714137919757,-0.12877097451488298,0.0167800326835722
trijet_bijet_dEta,0.00040073717797883536,0.00041060097121789203,0.00010129114716647649,0.0001922303252857251,0.0005490465940704053,0.00015161542277898,0.0002799773314573724,1.733894468270159e-05,7.300758222389157e-06,-6.454599885898587e-05,6.461914674472192e-05,-0.00025155172747411126,0.0006256095157423084,8.647622989306169e-05,0.000559363545283467,0.00020689196349197173,-0.00034805152629017886,-0.000506081729626086,0.17297569813338257,0.0005090997765527368,0.00010832936835808,0.0010022053597555755,0.0006191033963503722,0.7552130653401388,0.02689401861872655,-0.0002694171999109068,0.0107424190798899,0.1942891013998262,0.08069507813251173,0.00011239024976288201,0.0002316778573200509,0.0003931391466683983,-0.00014581546572704814,0.00024668214373919244,0.0003234547886874644,0.0004387616219490691,-0.0003670720217808853,6.36244565852492e-05,-0.06129358417996809,0.00025703352715640603,-9.864177900861267e-05,0.0004178016488945756,-0.00020089567827529615,-0.0002763189811019038,-0.0002763838455275702,0.39670254722349646,0.0002738147570321544,-0.0002928478431464588,0.00039739418697084866,-0.00015200948747741454,0.00030924373340692244,1.0,0.00017821409250969107,0.0005832562783978898,2.894388005676625e-05,0.00039608868550466145,-6.313601045898189e-05,0.00018984940259098585,0.40129512876481926,0.00045126499071652465,-0.30107436055602543,0.000278298307913195,0.0003425757983346624,0.0004423989554186116,0.0004519213409929559,9.107977743931467e-05
ak4_jet3_pt,0.3377969671086468,0.6447921741435364,0.3899181344168974,0.2895731714898501,0.3660125267372976,0.42458128694367225,0.15766550347659436,0.13175422100197579,0.01467276630241278,0.02831495812762368,-0.16869850459618843,0.016412072433417964,0.39440713069368766,-0.17931279030786224,-0.0038316851223818295,0.00022959472988358782,0.0048211158516299315,0.060877436938033,-0.00016163034037053683,0.03656647258020829,0.4584082058162529,-0.0002299809925901344,0.31651049181053914,0.00030377059062162943,-6.805608997881e-05,0.00034898811286179776,-0.0005040603174104485,-0.0003210230466791734,-0.0001480075204162103,-0.00010522854930215891,0.7209457773323711,0.3625083393633072,0.0004307845412268449,9.700527165414682e-05,0.2822123401513096,0.2908926244063641,0.06967465173189202,-0.000240238669575652,-0.00037179981365784284,0.09787915207415611,0.04000391175623475,0.5199689056248791,0.030073416206698452,-0.00042264496021095276,-8.642847411251614e-05,3.3418413688869006e-05,0.13698351202386874,-0.00042708904920503503,-8.21105228791762e-05,-0.11043221828121595,-0.16051941437573228,0.00017821409250969107,1.0,0.39459691955678927,0.31321250445736754,0.4162149557909988,0.017416908404403315,0.5211720783087669,0.00013157882155901044,0.4306761613592964,-0.00021644207073505197,0.10608606245573585,0.7070720434895418,0.602163373046707,0.6019661294652359,-0.047022554924376514
trijet_mInv,0.3044712053447027,0.5362410831958694,0.6842635492182966,0.2535332502349091,0.32204779120039534,0.7015215694422955,0.2308146576930621,0.11837581997592977,0.0979288963258598,0.11123644585358393,-0.08539090140235206,-0.006882468798896833,0.32694268427933076,-0.0778486263458885,0.44990537440821093,0.0001308904141811036,0.002800841461887411,-0.018006839293824423,-3.144387645442646e-05,0.08259888497394763,0.1565977039721639,-0.000477924408750567,0.2569366438196904,0.0007432970144421661,-0.000569722711272974,-0.00032575514211935773,3.997238381217052e-05,0.0003245154516683763,-0.000570674807031339,-0.0005045697414861445,0.46134133230025176,0.14676066055164014,-2.8699353241301804e-05,-0.00021554024310214327,0.23970429729150314,0.3626737222166102,0.05327527809990082,-0.00011496804139723491,-0.000587994890392119,-0.16476810618602028,0.05855691260973541,0.4000523653595704,0.05291856544159961,-2.049904692021332e-05,-0.00023550396470800442,0.00018166096483241534,0.21176358563270573,-0.0003464990148379274,-0.00010956757233271699,-0.1523347086911288,0.1607231482879181,0.0005832562783978898,0.39459691955678927,1.0,0.800562664839865,0.3786322050998809,0.051515058813250095,0.47015618932133496,0.00032211804751192726,0.527339209948454,-0.0002344327044314234,0.13204515472452558,0.5478398315774322,0.7127295089814032,0.7128931731848506,-0.012726534958364958
mjj,0.2245533672305514,0.42160979468682896,0.7122801656006492,0.05452740391100644,0.2500687514478141,0.7092966074475839,0.16885124741104976,0.07181303440860351,0.09514041017429194,0.08370505559379823,-0.12128618663123002,-0.04072013546498991,0.12188062852505092,-0.06867189455157119,0.13295156528958385,1.464451560208004e-05,0.002179097046537949,-0.0286744358537886,0.00017741430720284918,0.05405615691692685,0.10241137538999108,-0.00017361436718662976,0.08295676231548886,2.4798573002188082e-05,4.671048536683397e-05,-3.391189170048999e-05,-3.430138755612939e-05,5.6025415557190594e-05,-0.0006248582395372109,-0.0005325508331781182,0.3731446865938469,0.10596107532709999,-0.00021420528269828506,6.740618474086904e-05,0.10296759727303563,0.17575788102653878,0.10117656262775196,2.776537943036904e-05,-7.885897535436549e-05,-0.13523556398109,0.04391564355210267,0.3131953078270995,0.03794915555303615,-0.00017066358964164927,-0.00025069423522823867,-7.736415820840613e-05,0.1586134611228209,-7.121741897891666e-05,-2.2882255695907988e-05,-0.2044033519112639,-0.09351534566510229,2.894388005676625e-05,0.31321250445736754,0.800562664839865,1.0,0.23518701148459395,0.05670823435009783,0.38592943374743477,9.84026761858671e-05,0.41796028770080734,0.0001617136887599469,0.09670453552382882,0.4348415497545578,0.5605934027029018,0.5605813779009202,-0.03523097436262117
WW_pt,0.4288228405282042,0.631662222986518,0.3004386204406276,0.17192201307994723,0.29815090242094466,0.4130887760270141,0.24826284907992607,0.2821492861182659,-0.34045552029177434,-0.17519288902938734,-0.037491346466096136,-0.23736750014422242,0.456992055017149,0.034275908714133566,0.1768188514057716,0.0004931695715504184,0.0028768114924887325,-0.0073092298565367395,-7.330888244632834e-05,0.18165448657997965,0.28818522246117634,0.00017683534235342048,0.34634739384231467,0.000635929276756158,-0.0003634312752244206,-0.0004088698390188465,-0.00032349344570086017,-5.4749374427901724e-06,0.00010010941612693863,-0.00033491605678645395,0.48019095610659135,0.2548236772071529,0.0003981870576572711,-9.812095227948406e-05,0.34862450583464777,0.7045722261655708,0.016392165316343518,0.00024008170558681644,-0.00010552888672713926,-0.0337753129890583,0.04434378609748967,0.4632742746619968,0.06329406807182239,-0.0005779738664538265,-0.000438792624939749,0.00012068253667658976,0.2122741970022619,0.0006315102037504832,-0.00015294865740457682,-0.05976122290613233,-0.013250109195527635,0.00039608868550466145,0.4162149557909988,0.3786322050998809,0.23518701148459395,1.0,-0.017491935264730536,0.5680131673062361,0.00019935893532136619,0.6216784137529378,-0.0002248496876150582,0.16528948398821153,0.6541561377506169,0.5551951550508079,0.5577581044985694,-0.06512536381272158
ak4_jet2_bscore,-0.016343801296851486,0.02490677195403995,0.07981476647831104,-0.04524192080170199,0.01868368838196941,0.07508244992321264,0.023636475312332286,-0.03790046468755442,0.043806736071088814,0.025258881794280978,-0.05319934954688456,-0.02663480457071239,-0.06882215818552928,-0.02318375279752064,0.0015032455402404167,5.32244690134915e-05,-0.0007611099408386101,0.23058661961195726,0.00023818809673890166,-0.010434055139581701,-0.02896067095506103,-0.00011839121646312443,0.023485783234878488,-0.000481310251850528,0.0008430206421588936,2.7961128265499573e-05,0.000700737890280339,0.0002892244411109364,0.0005175977760529689,-0.00022818129604752996,0.056008787392359406,-0.1613958237561039,-1.2886241561869005e-05,0.0001952780914074654,-0.13275973964090118,-0.047990908446295624,-0.15465694520823334,-0.0001180671669336785,-0.0003796920553517902,-0.049624601191894845,0.029468160471951364,0.027734306084356064,0.01887159561560257,-8.463179686580256e-05,-1.3388674821641922e-05,-0.0005832795056578997,0.025869177365611114,-0.00024142985009488019,0.0003717488166381379,-0.2025905599447121,-0.08746198846285216,-6.313601045898189e-05,0.017416908404403315,0.051515058813250095,0.05670823435009783,-0.017491935264730536,1.0,0.015590907739756557,-0.0005063318527424772,0.01979240705413873,-0.0004274820151207629,0.012481236570995891,0.019061593682667192,0.01752088373284926,0.01736554717643818,-0.20527627747770655
ak4_jet1_pt,0.5592654261848609,0.8129668714175448,0.4993874918856996,0.4474924429204261,0.6049917594747548,0.5493252896169917,0.2351186103018108,0.21375667658659098,0.0256492329563761,0.04611107641789567,-0.22112818595179895,0.04277925538967322,0.67517221873958,-0.2513690777030559,-0.016122527841281837,0.0005347340604466151,0.004616746016127427,0.029820840170989193,-4.5911038497443665e-05,0.050869786786437735,0.24044155802401146,-0.0005436912082835193,0.49304643638337936,0.00033043450754849786,-0.0007544548725404696,0.0002030644616693955,1.0465895252219588e-05,-0.00011833053063965902,-0.00013742768430304904,-0.0004522128013533861,0.7159607057129729,0.19138737202118514,0.0006271940694345413,0.0006057322500751126,0.5348611144847302,0.5165709348059047,0.00883557424402545,-0.00036485602041148326,-0.00040879016756828083,0.1503823052240624,0.04004802796284278,0.7307434643838155,0.030644417653660633,-0.0005924147222479782,-0.0001339169830513927,0.00010993217701846518,0.20529428496819047,-0.0003340880500828977,-0.0001749728342031736,-0.09657841379590684,-0.18404962666898939,0.00018984940259098585,0.5211720783087669,0.47015618932133496,0.38592943374743477,0.5680131673062361,0.015590907739756557,1.0,0.00019200173443306996,0.7506559165811898,7.27066268552906e-05,0.15738494588402188,0.8758996378906656,0.6915304379753271,0.6914740710664908,0.03756078957206448
jj_l_dEta,0.0001716779071823298,0.00042784738718204264,0.00018756562440626313,-0.0005370304415899114,0.00046000350706283243,0.00020690352268203327,0.00011990117542263077,6.843261883920125e-05,9.652893562020751e-05,0.0001433042146407814,-0.00033190174613494035,-0.0007087632838172396,0.00021796547043694253,4.940831962043198e-05,0.0007300645928640063,6.384104698169581e-05,0.00015646281441872686,-0.001003608779810921,0.5343910809548582,5.5134820710843264e-05,-2.0268603539970073e-05,-0.0004246473019146288,0.00021558667717670076,0.6378987722145576,-0.23722132255237047,-0.0006103286724039488,-0.2209717958498657,-0.2943375437678459,-0.21511658738896564,6.188864244137966e-05,0.0002811645909833288,0.0005752748841733891,0.00015806054102413908,0.00028589188249520135,0.00011281211883748006,0.0003259697655086621,-0.00012942772434374242,0.0002556887487757723,0.06280933038722682,-0.0003559597788518345,-0.0003259599833787338,5.101634400936626e-05,-0.00044476416717100203,-0.000226127950895853,-0.0002853686369979677,0.958395888159574,0.00040764727472817464,-0.0009789372902404424,0.0005032556554996923,-0.00022500000861095496,-0.00021925961782586073,0.40129512876481926,0.00013157882155901044,0.00032211804751192726,9.84026761858671e-05,0.00019935893532136619,-0.0005063318527424772,0.00019200173443306996,1.0,0.0002983075402115441,0.29783988355461893,0.0005614333264579436,0.0002538458668533547,8.470259557947214e-05,8.375147612841947e-05,-9.521007487844254e-05
ak4_jet0_pt,0.613992850445928,0.8824535540808099,0.6185141542081977,0.3740215522404207,0.6891541962277647,0.6727657343151835,0.41731355520820795,0.19325223068962696,0.03665639432628602,0.06619763530166743,-0.2173492153890264,0.004839495701559352,0.6208813401613096,-0.23368848116888075,0.0341562669884573,0.0005176647674139035,0.004255674459005139,0.0016623199754487229,0.00014618710463040353,0.08122556564593326,0.21475612327989735,-0.0004889985058979624,0.4665413193428355,0.0004918800665876782,-0.0007278504162033864,7.750202544676497e-05,-9.122665444517913e-05,0.00011077416586747463,0.00015088789110683925,-0.00032741831637546153,0.5679978629250516,0.18569521818724224,0.0006135292007034269,0.0003905498776256237,0.4779104860055238,0.5723659919835583,0.018876883513667297,-0.0003906261403661859,-0.00016055977568674948,0.15536105537848638,0.050976048513709044,0.830812757033074,0.043162095821051606,-0.0005536076266162524,-0.0003426005871388216,0.00011261061003091178,0.3655263601341804,6.908458877370633e-05,-6.987588544114078e-05,-0.13883827970151585,-0.1397459839547377,0.00045126499071652465,0.4306761613592964,0.527339209948454,0.41796028770080734,0.6216784137529378,0.01979240705413873,0.7506559165811898,0.0002983075402115441,1.0,-0.00016925607527704743,0.27279988638768143,0.8828597171443634,0.7368240113845665,0.7372219999021219,0.02924530260468575
bb_lnu_dEta,-2.2783456924257144e-05,4.2004439851645056e-05,0.00036305832898110796,-0.00036758341275408904,0.00036011119799939274,0.0003178826946459136,0.0002550632176791473,-0.00029863879833383854,0.0002285803372868454,0.00015623527452000524,-0.0007477920646318765,-0.0001368527600532082,-0.00019138601520210817,-0.00015970787757326913,-0.0003445521728598416,0.00022982627266634133,4.8186514897059074e-05,-0.0001645445017165653,0.12286679099940322,6.464945000992269e-05,-0.0003335035100264376,-0.0009023991226870264,-0.00014963436151029365,-0.2100888039263427,-0.34336562624572786,-0.00011586406662885447,-0.2937587311707267,-0.39791400554760187,-0.38143441676762274,-5.975309659502272e-05,0.0001389998711690932,-0.00019269213676413287,-5.5654917763634024e-05,0.000568963339643663,-0.0001411368179116209,0.00010006974712043546,0.00031426893021843877,-8.314940749566746e-05,0.1252795144823427,-2.7935754437995704e-05,-0.00011905525020023605,3.7721545197308958e-06,-7.385788455761129e-05,0.0003609871468058726,0.00018831824934755542,0.3580802584625961,0.0003856434648409846,-0.00017376932072263416,-0.00013592302635427597,-9.042701420678804e-05,-0.0002035997262282989,-0.30107436055602543,-0.00021644207073505197,-0.0002344327044314234,0.0001617136887599469,-0.0002248496876150582,-0.0004274820151207629,7.27066268552906e-05,0.29783988355461893,-0.00016925607527704743,1.0,0.0003731713713591973,-0.00015690454680633697,-0.00039052035459021835,-0.0003918606558774471,-1.7565652591115182e-05
lep0_pt,0.44667144847904383,0.39776786385777263,0.4058678317041774,0.06522151249926601,0.43518123456557384,0.4103918554594434,0.6048304662488875,0.31223333816810184,0.11347428534984841,0.16530761940031852,0.024471713986936084,-0.021521546156150456,0.1357367772788081,-0.04559619538318216,-0.10833001005786486,0.00027820937556530967,-0.024939474491788512,-0.03574228870168964,0.0009295902686491977,0.05278177886816906,0.05728202594291751,-0.00014802079524265304,0.11083671280928944,0.00025848828588935496,-0.00019931901771334866,0.00035627127616344646,0.00021405361957675808,0.0002661112216214055,0.00041350394991441266,0.0003350515228590138,0.1361818410514383,0.07090770004704756,0.0005354887985356905,0.00024484630828087203,0.09509975944900376,0.15969695827540487,0.023305417010287294,-0.0002710076554296441,-0.0004638704315033269,0.20057818261616267,-0.011547951539072253,0.37251679896878476,-0.014613480949037954,-0.0003599371755110522,-0.0002323339136100705,0.0004838842456454364,0.03669767570687726,0.0002221603328023445,-0.00026938451594455776,-0.08649507483537784,-0.07545814811624527,0.000278298307913195,0.10608606245573585,0.13204515472452558,0.09670453552382882,0.16528948398821153,0.012481236570995891,0.15738494588402188,0.0005614333264579436,0.27279988638768143,0.0003731713713591973,1.0,0.2225869465865718,0.3149650477856683,0.31536851444034436,-0.021029978843591462
all_jets_HT,0.5967194963132618,0.9518866552677369,0.6076010309374256,0.4161646792322891,0.6581109940484159,0.6646202076092687,0.33684211733976316,0.2084364098136681,0.024599657411568096,0.0517673465193232,-0.24758495582494525,0.018554424390272814,0.6433894331672662,-0.25891749334221403,0.008162651419275956,0.0004993079763631247,0.0058949510098634085,0.045423179935121814,-2.8386333544504305e-05,0.0696929503150551,0.48680333043684637,-0.0004906843198700664,0.4830313760381033,0.0004972983116037712,-0.0006439589915436562,0.0002203879279959202,-0.0002335329427705454,-0.00013329834315064907,-5.221882285543071e-05,-0.00034965382853018945,0.8060833271739728,0.3963206464122757,0.0006676689440041148,0.0005055767813447477,0.4956843361010754,0.5437012834897585,0.024687909001642555,-0.0003506028593971576,-0.00045028029826474526,0.1940788886912456,0.05648706747390197,0.8423204670591016,0.045465504054463785,-0.0005975572250782316,-0.00021837872301588135,0.0001071351715141504,0.2941842034901798,-0.0001352887462364348,-0.00013903900350418239,-0.1477512044125048,-0.20980650162610712,0.0003425757983346624,0.7070720434895418,0.5478398315774322,0.4348415497545578,0.6541561377506169,0.019061593682667192,0.8758996378906656,0.0002538458668533547,0.8828597171443634,-0.00015690454680633697,0.2225869465865718,1.0,0.8368499136375664,0.8369087024897207,-5.865339749980833e-05
all_mInv,0.6707467029339871,0.8607024395225967,0.7983599166571091,0.427714525801442,0.6152870487334094,0.8337730407339929,0.5027002298849672,0.29833357799084687,0.17336285371130997,0.19858695276569258,-0.11602428595743601,0.10166709769645858,0.48100715597489846,-0.13206459979548274,0.1338257839425937,0.0002528073167333979,-0.0005514452219787003,0.009846942429907612,-0.0002610720287547201,0.08821669239311421,0.47142822533982265,-0.0005795002018479386,0.3702789661249382,0.000622132613379108,-0.0006231439276488761,-2.783005304252823e-05,-0.00016541637056544166,6.857301040546758e-05,-0.0003852055785212849,-0.00044170698960728234,0.6597164302908965,0.40397287197754944,0.0004365741601980576,7.441704291139341e-05,0.3608645208835897,0.4411698020601592,0.0326219490910012,-3.783533370097593e-05,-0.000624189268016847,0.20528184393812954,0.04552868422525581,0.7447062474467673,0.03774656864321281,-0.00027181700460710104,-0.00026955746295740616,-7.068762134450353e-05,0.3973721952782266,-8.888212533274629e-06,-0.00013370743043145244,-0.17657908408689535,-0.12910714137919757,0.0004423989554186116,0.602163373046707,0.7127295089814032,0.5605934027029018,0.5551951550508079,0.01752088373284926,0.6915304379753271,8.470259557947214e-05,0.7368240113845665,-0.00039052035459021835,0.3149650477856683,0.8368499136375664,1.0,0.9998414675779836,-0.029210041117335116
all_mT,0.6712369083234945,0.8610817684156318,0.7983359966307597,0.4275162766347485,0.6155397611702323,0.8341217068795386,0.5036589948625665,0.2984295555272743,0.17174663431400794,0.19770021271688934,-0.11758845061133626,0.10104796443532174,0.4812585705445383,-0.132635730643988,0.13349714392250522,0.0002575615499400132,-0.00046420042402228664,0.009459515770844898,-0.0002643192118203406,0.10343786336012567,0.4710717143129953,-0.0005567667116391366,0.37034391672820055,0.0006260418830219976,-0.0006302374610992827,-2.9754254404179875e-05,-0.00017198838707311283,6.906342156795269e-05,-0.00037685231862376236,-0.00044007224958431444,0.6595687331022962,0.40389185069848427,0.0004397999632463067,7.776304986813526e-05,0.36118956770741195,0.44211771203814504,0.03248164569719242,-3.2330651600002115e-05,-0.0006256092632224635,0.20560539978450226,0.046105962008600135,0.745309274573155,0.03816663766490488,-0.0002812468039834581,-0.0002790538739303803,-7.198783090936743e-05,0.39836127512683167,-1.9243410843846172e-06,-0.00013650519204179136,-0.17641477496733785,-0.12877097451488298,0.0004519213409929559,0.6019661294652359,0.7128931731848506,0.5605813779009202,0.5577581044985694,0.01736554717643818,0.6914740710664908,8.375147612841947e-05,0.7372219999021219,-0.0003918606558774471,0.31536851444034436,0.8369087024897207,0.9998414675779836,1.0,-0.02944196873367397
ak4_jet1_bscore,0.021109887126300905,-0.010670605553704336,-0.028558251537581278,0.12329036309656596,0.05266884893294956,-0.036368761444106196,-0.034498780176394864,-0.008570462738556644,0.033936790007360405,0.01465289379513019,-0.03234180586373921,0.042948197919444146,0.11926785190467386,-0.09071051630058719,-0.013275763332557183,-0.0014304230036746302,0.0003113822666280092,0.24296506697368547,0.00043442208933001437,-0.01717129624553815,-0.06846090984617449,-0.0001605408785864766,0.08505543824762565,-0.0004719612694629199,0.0001391691598139201,0.0002490542707319911,-0.00010742095332885015,0.00015342024386999896,0.0009501704383266113,-0.00017256360821623324,-0.018092276004614046,-0.20304420698471562,-0.00018375048610902618,-0.00022904028638896491,0.09664682488784389,-0.03728614771387951,-0.18174799405890554,-0.00016873982867264743,-0.00011215030612635524,0.01819382556429834,-0.0014849137581644562,0.022843858087726553,-0.0051098496067288396,0.0002103238576862854,0.00024728208154436434,-0.00022837433947278668,-0.025280355086292162,0.0004717423578414519,2.7694529971508866e-06,-0.19649911852568092,0.0167800326835722,9.107977743931467e-05,-0.047022554924376514,-0.012726534958364958,-0.03523097436262117,-0.06512536381272158,-0.20527627747770655,0.03756078957206448,-9.521007487844254e-05,0.02924530260468575,-1.7565652591115182e-05,-0.021029978843591462,-5.865339749980833e-05,-0.029210041117335116,-0.02944196873367397,1.0
