,bjet0_pt,ak4_jet0_pt,all_mInv,ak4_jet2_bscore,ak4_jet1_bscore,min_b_l_dPhi,lep0_pt,ak4_jet1_pt,min_b_lnu_dPhi,WW_pt,bjet_bijet_dPhi,ak4_jet2_pt,all_mT,trijet_pt_rat,ak4_jet0_bscore,min_b_l_dR,ak4_jet3_pt,all_pt,jj_l_dPhi,trijet_bijet_dR,blnu_lnu_mT,jj_lnu_dEta,jj_lnu_dR,trijet_pt,jj_l_dR,ak4_jet3_bscore,jj_l_dEta,WW_mT,blnu_bl_mInv,trijet_mInv,lep0_iso,nAK4_nonbtag,nAK4_btag,bjet_bijet_dEta,bjet1_pt,ak4_jet0_eta,ak4_jet3_phi,ak4_jet1_eta,lep0_phi,ak4_jet2_eta,ak4_jet3_eta,nAK4,met_phi,ak4_jet1_phi,ak4_jet2_phi,lep0_eta,trijet_bijet_dPhi,mjj,bb_lnu_dEta,WW_mInv,all_jets_HT,bjets_mean_pt,met_pt,blnu_mT,bjets_dPhi,bjets_dR,all_sT,trijet_bijet_dEta,jj_lnu_dPhi,bb_lnu_dPhi,bjets_dEta,bjet_bijet_dR,bb_lnu_dR,bjets_pt_bb,bjets_mbb,blnu_pt
bjet0_pt,0.0,0.11836244912926719,0.055279592342725226,0.045853900577726786,0.22111954238657303,0.011969525577953876,0.021329158538586857,0.162090472036083,0.011544517902153013,0.13262133635769618,0.007611819809454567,0.21394331478669215,0.0560359868058935,0.12130801104407585,0.00861577496625654,0.15930405710898637,0.16713687237762803,0.035687179432479864,0.0024802481277338526,0.12013467109933422,0.05296203658548612,0.004394872660805781,0.1436490903823939,0.07631380100580404,0.1456721801462777,0.04995720882887039,0.002154070969101878,0.04753743982364514,0.0064280449236364945,0.006322436047713459,0.0011830929585236348,0.03041624953488544,0.1467585063404281,0.005960989307594638,0.34857329334965736,0.00042500120669399676,0.00712265599283918,0.01614691181371359,0.012613206179223598,0.01028711256947811,0.02079496488273476,0.07146215293997439,0.004943843581144729,0.023573169305077794,0.012566181418293234,0.0076131134025315406,0.014705254943653089,0.07554587345650991,0.0012684414116004299,0.10523853521023568,0.032701883281491984,0.03307395164842586,0.08101491116131418,0.07293791552543194,0.026343559074228386,0.08277260903461722,0.0036070552270746625,0.008316562796995093,0.005254441824601437,0.003516021039678399,0.0020635488379946295,0.1384563480380896,0.14662895250226593,0.07747651307416803,0.13166190779673026,0.10949225637736232
ak4_jet0_pt,0.11836244912926719,0.0,0.09968758948505707,0.040542057762552694,0.09889913180942142,0.006222129205209079,0.08761224173394155,0.14531528489898482,0.019397739770587952,0.00782123024910264,0.015224950940478297,0.1619770416286423,0.09965561471683204,0.1084330391106254,0.13239305890526193,0.17555005459786155,0.1517178112708329,0.015636565871210803,0.0021240769785831845,0.2062454428641206,0.0697237267593036,0.013382329754556492,0.13703902673745022,0.13776376500736442,0.11187151150298838,0.0005565267384194002,0.008849118092835303,0.1709506574118027,0.0286910969132618,0.02345639635337793,0.013609863893610439,0.061277681169571774,0.04653967162741642,0.01882980705013891,0.11422697936241316,0.00495326554529191,0.0015832746621059707,0.005852614927764174,0.0012951670432154094,0.0012398817791620968,0.024014663922700068,0.09796896977149455,0.008777249700424419,0.009541674195272281,0.012471148535648822,0.005996592971515931,0.01024575415613546,0.1433182443505635,0.0003503874157918076,0.24011807528482454,0.058150062685622395,0.1381754609481156,0.039237468888979554,0.10512755771599569,0.018573077010937127,0.08851879857583293,0.060440661879544666,0.008703252828291047,0.002847326755874021,0.0036420757485220827,0.004347633963955884,0.08340206737069562,0.1381914359289927,0.11121535289106821,0.05634467638200402,0.11410310521478373
all_mInv,0.055279592342725226,0.09968758948505707,0.0,0.0021927563503720583,0.023724646646372895,0.0104070783348841,0.062414761614335235,0.07281543495966614,0.008768631405336298,0.09416032857680384,0.02586486904133361,0.09401299122983164,4.802595384245656e-05,0.039039025465683636,0.002411645439545973,0.1685132020172421,0.1139842390626431,0.012715964177035771,0.014545607427561068,0.06194046874746609,0.008855931441814846,0.04422550230985237,0.0457728986296633,0.06865200428528906,0.06176199130968138,0.03043674626023129,0.04173460657397542,0.004936747542440889,0.019989517885858177,0.03825193137862293,0.007028449484827757,0.07303646910438816,0.020427931678959965,0.03472184036117838,0.08388247114568398,0.01133018027705672,0.0031970964869082203,0.005094911351137479,0.003755093715784517,0.001967309280352137,0.0008291139440982948,0.07677112560185223,0.004239913039803143,0.017545602760400656,0.017444831399960687,0.018521079611590767,0.023844834414490736,0.001460215550667443,0.009682777403677803,0.04069396507583456,0.06636549567295635,0.016134779879129646,0.018057201562846736,0.0462506867604795,0.001183158040700824,0.11646675923022914,0.03788390015025789,0.020872804367492594,0.03113855960930316,0.0020453035976297543,0.002983499969887278,0.014499610464279333,0.05226880301459556,0.019632981079402756,0.07978641451862928,0.05335392747396217
ak4_jet2_bscore,0.045853900577726786,0.040542057762552694,0.0021927563503720583,0.0,0.04077639299548569,0.00643717739836217,0.018694200233012236,0.03073701663723933,0.015573249256867785,0.02976819946929491,0.01433315030670256,0.04188372309439092,0.0021870027074270965,0.060183495671170074,0.018044384744524744,0.10199917238050289,0.030214303174315758,0.00627874280840001,0.017418098204952794,0.008388463742950242,0.03992427749236786,0.010437714195792331,0.04196038389413167,0.06591437783009998,0.021522483127909116,0.00654770042480507,0.0063346907621294885,0.017528982443321343,0.05327225336366723,0.008415645480087282,0.0023801598734828353,0.027273895941388265,0.059435584010356785,0.018525483130267823,0.08608062398496885,0.011476086973977985,0.025433917603319523,0.002979164367292734,0.010565390362058943,0.009978519462863742,0.020465874150556278,0.02335549906260919,0.002971430521479167,0.018959528051315528,0.014458903749346387,0.02707313511860348,0.007880215163273906,0.004642169866891872,0.020771229207908432,0.02618596584945511,0.007983736171673785,0.0042587386963959944,0.043092390854843704,0.008118444700527968,0.003851405987914442,0.1166509302427908,0.009919064346372637,0.015956509725313896,0.010024706556918507,0.00154355353707441,0.003472653625159935,0.02037510174435071,0.02635155897325307,0.03712672260455262,0.07326755490313869,0.05577947268108696
ak4_jet1_bscore,0.22111954238657303,0.09889913180942142,0.023724646646372895,0.04077639299548569,0.0,0.025225585752717855,0.06495788719461405,0.005392797350990228,0.006290817886329368,0.06952446709917039,0.01373091141189972,0.027554531831606083,0.024082982438684425,0.07191528848958381,0.11654815045049638,0.16858930548137468,0.044492681048032195,0.015878273083233054,0.006790186128817035,0.0061518529177920465,0.10900456880149656,0.013679040848222341,0.017568819045832455,0.0490143024780898,0.04131971607833355,0.07045420929079446,0.017310278682786197,0.09261291909187591,0.04325123950443052,0.023140234136478758,0.005337845112076515,0.006726189789202558,0.012413677140982543,0.004741700965149599,0.013150891292987979,0.0006876787486196209,0.0010752406809796493,0.01791075302272536,0.012824540453488081,0.02223873163679766,0.005008873710770506,0.026882753067107565,0.013521747734346758,0.012961679755118815,0.0026643257597143556,0.02256465872366603,0.011922598926696889,0.042836059277404484,0.011946872399729608,0.08660554328151236,0.03343034973318691,0.15446401828685447,0.08590380720994366,0.011778287421776525,0.02415786470837842,0.19205320329905895,0.013522672684463792,0.004007375092044185,0.0014144997235681679,0.005108887701682802,0.01156980291516848,0.03249022036373729,0.0066398102675513555,0.03200057265745859,0.18547074352609824,0.07669143860878044
min_b_l_dPhi,0.011969525577953876,0.006222129205209079,0.0104070783348841,0.00643717739836217,0.025225585752717855,0.0,0.025878952772615434,0.020946459183457267,0.02907218084579749,0.045713063647378,0.08505323765954675,0.01650308881776401,0.009904969611876042,0.05922463668920164,0.011123161728421663,0.03524159903045078,0.029528918785036825,0.014631117930607122,0.04409263477437225,0.010656340904562425,0.0075916646304216365,0.008965400303949706,0.0430040431730586,0.02932149949617566,0.023618686879892527,0.018429962569384062,0.015934639698170768,0.006019941629438086,0.010999073325656403,0.0012081436042229304,0.014619917939465385,0.011291096541981321,0.006917604578028699,0.006159735008833099,0.04741215338930305,0.0036559727058864976,0.010160193737345504,0.011193358514634415,0.0014328055226586359,0.01944649744008963,0.004672821503931114,0.017134791257942105,0.007170395130434625,0.02181592856063301,0.01713311909382761,0.008420036547951957,0.009985825698174522,0.00636108610391431,0.004723095658866924,0.009479063405571246,0.010911098689494969,0.03770865547217709,0.0331424123549837,0.010641631252799422,0.08545119924900103,0.10820367838632718,0.01210924577475836,0.014387333793459946,0.027402911247904893,0.03289994004095054,0.02330053305106678,0.07243275684914624,0.01534371100110013,0.06197661822628636,0.05229421403346114,0.030320350211142585
lep0_pt,0.021329158538586857,0.08761224173394155,0.062414761614335235,0.018694200233012236,0.06495788719461405,0.025878952772615434,0.0,0.10652591217453412,0.02615793118636416,0.005357587980301282,0.015692635325583404,0.125712668835237,0.06231232312110779,0.081918585236112,0.09692613675253667,0.15295711426524833,0.12494975608496195,0.009664654600497875,0.020853840792090874,0.15200521026385536,0.03461381569288269,0.003211889321082049,0.011699545185811136,0.1037147145727601,0.039467927432625866,0.03654239512563505,0.007527953305814913,0.07261532172100593,0.07882251383369787,0.0008082631642862825,0.022040234908409555,0.08703180238736759,0.06436813687676596,0.022418793970180935,0.016842625438493797,0.00617029783684096,0.006354420687355997,0.0010674869083363674,0.01123328583059079,0.002893627109834466,0.008916220319353569,0.05485419434526662,0.004283367089277116,0.013667884615084185,0.0015026915465552776,0.006921940951020915,0.0003995529101134008,0.03932137691580255,0.023599577309469873,0.09229685727384285,0.11686943636730099,0.005574205075050048,0.04272104575011835,0.06660447082510612,0.009233374735803237,0.07683225937920324,0.06808681923924831,0.017164915521122225,0.000670383700926403,0.0058282126141507755,0.00968552700436733,0.04966898618009598,0.07570208105990013,0.015053571629612017,0.07061520555952648,0.1373512560495439
ak4_jet1_pt,0.162090472036083,0.14531528489898482,0.07281543495966614,0.03073701663723933,0.005392797350990228,0.020946459183457267,0.10652591217453412,0.0,0.024732252996573903,0.04021172587181976,0.021445038285606732,0.05407885517411515,0.07325820974801744,0.16166068675423115,0.0571607233273312,0.24208361560754266,0.08111321458836296,0.01998014347839239,0.01120083236186397,0.014752743089132658,0.07033539222035531,0.003713936704762309,0.06507051252530285,0.19471965285257264,0.08038537603572563,0.024383640241457002,0.008595311739022898,0.0496196525532141,0.09284200811358556,0.006428756210759612,0.0018587831926944842,0.023329921004429155,0.0438926392205724,0.0012429324341944937,0.13319057052465805,0.011983863917690699,0.0017075008911467155,0.011083701799211745,0.00755580697102718,0.012678214223406823,0.008895731263318917,0.04673296517161987,0.005161996096549722,0.02160368466401677,0.010035606157162064,0.005124018901954504,0.017670042168049422,0.007380395814559182,0.00359340130900744,0.0945028308951516,0.04320910197734351,0.10061092324581988,0.016182437510308817,0.07904950488654383,0.0007165014832857642,0.1888416307516218,0.06124787489559369,0.006533839215835092,0.01394117419246175,0.0024738245859453646,0.013883750387985457,0.07790852744061937,0.05509480663064595,0.008420245960201855,0.18915939932348547,0.17878713327097556
min_b_lnu_dPhi,0.011544517902153013,0.019397739770587952,0.008768631405336298,0.015573249256867785,0.006290817886329368,0.02907218084579749,0.02615793118636416,0.024732252996573903,0.0,0.07906806893221599,0.11328467781144308,0.016966741126387623,0.008654068680895667,0.05923021331939559,0.0013700608509217838,0.04314580695934981,0.03858338760985928,0.011814025592161992,0.06432283072263642,0.03399231393548585,0.03479654770232811,0.004163451822113685,0.05677765289594239,0.02661786707667993,0.043769158629734045,0.013577315293738061,0.01194544686068391,0.009044395839274223,0.029525699966992048,0.009175902190893967,0.01920479732528692,0.014012645882876783,0.020068918402778226,0.005076815717013315,0.010048693417259412,0.0052615226902432985,0.0004808357638158075,0.013619214763739347,0.014326483873474696,0.002458131712882721,1.230735690078207e-06,0.004149045878110692,0.0001478356117264498,0.01867112998018965,0.014824820276541667,0.005285360465240941,0.0545485443879864,0.011625208757985804,0.011555202558615271,0.005524864505427704,0.011217609814947738,0.008565776538096058,0.021297449738409045,0.025435234785074885,0.07291431134793222,0.11759227855303969,0.005359634217767036,0.020256421872382205,0.04216330798536028,0.05710737523205012,0.006910680900204592,0.0887252786733809,0.03511701023869082,0.0859351049064296,0.037272408783590165,0.0307634972873857
WW_pt,0.13262133635769618,0.00782123024910264,0.09416032857680384,0.02976819946929491,0.06952446709917039,0.045713063647378,0.005357587980301282,0.04021172587181976,0.07906806893221599,0.0,0.01848820384137928,0.07504095718449272,0.09569616795693248,0.16348222679665927,0.20259464252700296,0.2250035464512185,0.1102443273766745,0.1077399103896905,0.02072166752784517,0.1778154495313533,0.05200929303027799,0.017411785265069254,0.12060093255421916,0.19281332286173314,0.15901112945478357,0.04525012958689758,0.019538785446214582,0.13101984310227166,0.10921771238495265,0.06479675187496353,0.009984982445013143,0.20378314621004762,0.11183872317160652,0.022093318744342772,0.043867223246481346,0.006954404144167686,0.0039598060142000575,0.0009006464484031725,0.028545665807560246,0.002241624002393587,0.01533973655770468,0.1452985065096005,0.011617876179761209,0.003247730384835115,0.0030931763193328176,0.004597737966070256,0.007651870055834641,0.15879650654173966,0.0074352766437017805,0.22189570458361602,0.026761264513674665,0.23155241018962142,0.07648672951321686,0.07266733933999125,0.006084071867970936,0.15676036618034342,0.01138987958969584,0.013165278881694664,0.0014892622192876164,0.008922564536182205,0.0050311226618597995,0.08950160492640005,0.1588378097514091,0.09742356370973959,0.04255472860511489,0.06185383317659862
bjet_bijet_dPhi,0.007611819809454567,0.015224950940478297,0.02586486904133361,0.01433315030670256,0.01373091141189972,0.08505323765954675,0.015692635325583404,0.021445038285606732,0.11328467781144308,0.01848820384137928,0.0,0.013749661702322735,0.025728004687026636,0.00469639649575242,0.009996397659032498,0.013995117474832695,0.008957546660046044,0.0020307914758629416,0.09966449155287418,0.00471085672652679,0.001965728746945918,0.011290590535692225,0.0018886887832595578,0.00859980100256927,0.005913290952370035,0.012054886071249238,0.008858264057545707,0.018046110971834874,0.006009485275714611,0.03594406327954349,0.02257737467039599,0.018233776278076957,0.019055665611028966,0.0036563940793018592,0.03553412138033798,0.00321278459940214,0.0016282679972545527,0.020231563475587657,0.0026375669314018394,0.01569252961857904,0.013432142754289996,0.007467022397330851,0.003957762777916006,0.006921090524323173,0.0007342481053219309,0.015142379965297532,0.05159042046422668,0.024640927656135937,0.010746826834682595,0.017157851831612787,0.019923380415317528,0.01904176787448003,0.010462112599095571,0.014037113825874643,0.045015928250712274,0.01030456425665341,0.0157245953554459,0.005913211091671559,0.061687553730433886,0.023718504504653737,0.013091864029580642,0.00462877867184289,0.010966531915157457,0.025523092760502384,0.006575725784613106,0.008208504201053976
ak4_jet2_pt,0.21394331478669215,0.1619770416286423,0.09401299122983164,0.04188372309439092,0.027554531831606083,0.01650308881776401,0.125712668835237,0.05407885517411515,0.016966741126387623,0.07504095718449272,0.013749661702322735,0.0,0.09433522245093462,0.17102265373736475,0.08287123210229079,0.21882466649866716,0.05636339190855422,0.01804394126833244,0.00872928623825144,0.008579568233225032,0.10917314562471993,0.013602093306881067,0.042018100898876226,0.2029036223399952,0.05488377157949397,0.04033177030386592,0.017650129446238866,0.06562828540826388,0.03912018816141763,0.021275614969684387,0.01051588684472808,0.025287219911775877,0.01987060735738026,0.02582220471242241,0.08383879508896258,0.0076445821431811,0.015312847460899202,0.006539044514044551,0.009519535323922778,0.017947716646094156,0.005842849451608176,0.02432952089420093,0.006064624401793708,0.0014060435287476338,0.004538919000931493,0.00768147382569963,0.017617480190307688,0.004425416948517447,0.018261785595822796,0.09870502881401516,0.05136210675997166,0.13651704912010643,0.04845743042349493,0.12846275867270163,0.008731152768794641,0.19988785243828458,0.0845318303587288,0.0168135234059273,0.008380823772586362,0.002896941853203516,0.018963339685091115,0.052450552591822616,0.0308356522527852,0.03365318051124655,0.21571548025217402,0.20340756807197563
all_mT,0.0560359868058935,0.09965561471683204,4.802595384245656e-05,0.0021870027074270965,0.024082982438684425,0.009904969611876042,0.06231232312110779,0.07325820974801744,0.008654068680895667,0.09569616795693248,0.025728004687026636,0.09433522245093462,0.0,0.03768382597234354,0.0018854939778957525,0.16813678522324887,0.11434813477872685,0.010923649715123315,0.014391751557590664,0.06114345039685588,0.008417124718350877,0.04453060459273229,0.047266432050779794,0.06752363665086158,0.06297012389211443,0.030586968628184732,0.04192813507645046,0.004694888180476919,0.019324487239377353,0.03781995668839511,0.006753742514821582,0.07303063565243784,0.020375450281671474,0.034653889796848567,0.08360644234620818,0.010784993629201848,0.003043154397563849,0.005446634674903266,0.0034024796370879817,0.0022040277355672255,0.0010257858129932387,0.07676402649134273,0.004598746692080133,0.017814444614411215,0.017359973341549872,0.018434570093868615,0.02358548725956831,0.0013802806130651657,0.010200999716585966,0.04025233164161268,0.0665878887504463,0.016509546247272244,0.018317293313852734,0.04637452465231062,0.0010496510091840374,0.11568362017651285,0.03787202393414957,0.0207008063112259,0.03138133955074456,0.0023102948954396955,0.002674012529509947,0.013234983547278728,0.05123874812148542,0.020578737809952674,0.07985941234059107,0.05309228819500811
trijet_pt_rat,0.12130801104407585,0.1084330391106254,0.039039025465683636,0.060183495671170074,0.07191528848958381,0.05922463668920164,0.081918585236112,0.16166068675423115,0.05923021331939559,0.16348222679665927,0.00469639649575242,0.17102265373736475,0.03768382597234354,0.0,0.0794813973239691,0.028411531294326803,0.1272650632646892,0.07337638041531828,0.024682400437487362,0.01607940498335353,0.036548688698202825,0.02353793810525537,0.20037688985936875,0.04515185794920762,0.21427666604756865,0.03803524432421672,0.023410205215727228,0.02955292602601567,0.004955942136610339,0.005024501840852846,0.007087676057605293,0.03215122465215106,0.12609159962329142,0.006627721170618449,0.19248968930604915,0.015699191526795234,0.008622736716813802,0.003472677993072863,0.006896543939601012,0.015801028228816183,0.011191543420105901,0.04235723768254962,0.004747343860031634,0.018440294978026347,0.0008853074884995965,0.004069332189760847,0.007197947305577319,0.10967114030653173,0.01687491183333563,0.07048758307505998,0.14625732446854253,0.21369828379962902,0.005059636667204798,0.05870278168397297,0.003485958805587989,0.031139803344560346,0.12142140466983412,0.00466569246551919,0.004158024380490414,0.0008547016388312343,0.021845173455517453,0.03960341029700287,0.0015816146519452706,0.11043311061703678,0.04452080089476457,0.0028137203758829554
ak4_jet0_bscore,0.00861577496625654,0.13239305890526193,0.002411645439545973,0.018044384744524744,0.11654815045049638,0.011123161728421663,0.09692613675253667,0.0571607233273312,0.0013700608509217838,0.20259464252700296,0.009996397659032498,0.08287123210229079,0.0018854939778957525,0.0794813973239691,0.0,0.12349858587472481,0.07980894990941631,0.025516817911786498,0.0004961215806692282,0.02570713244411854,0.1315231178732745,0.032026080964186965,0.12652135825777092,0.016780484591203376,0.13789549389420713,0.03993327756075479,0.029772780772377393,0.0222921131744942,0.06547737978751417,0.016863999270305102,0.008816240929743759,0.0027429211266323528,0.047195225028617116,0.015400555913553396,0.06233287013085064,0.01012056231816433,0.029495577513221193,0.021539047606762896,0.023933632828847272,0.0001561495561847641,0.008245111604180764,0.03323795031940402,0.017696759836101774,0.015200464886321263,0.00021867306356934132,0.021807531750978302,0.01540192905132871,0.05173757736890022,0.003638277079020704,0.007543492208482272,0.004777271270817535,0.040522099609376305,0.10182149577528003,0.07058637215311467,0.0032969141947429056,0.18567779659612865,0.05063588116133756,0.01345273257255725,0.011898498455625135,0.004932147087778408,0.00955318072288126,0.11844602690700928,0.0914888070681566,0.17982140733007487,0.12623328967622216,0.002698845425595009
min_b_l_dR,0.15930405710898637,0.17555005459786155,0.1685132020172421,0.10199917238050289,0.16858930548137468,0.03524159903045078,0.15295711426524833,0.24208361560754266,0.04314580695934981,0.2250035464512185,0.013995117474832695,0.21882466649866716,0.16813678522324887,0.028411531294326803,0.12349858587472481,0.0,0.1593627292341158,0.0002238071733781169,0.01665285670961261,0.012910390008057604,0.11841969704960725,0.0020543609386847353,0.11816029713509282,0.08683517588787107,0.05663727000763,0.0002662263198552634,0.0018396073748575496,0.08512154234985503,0.07914282582962329,0.084727448018472,0.010699569176447942,0.12506780390826946,0.2857613713705999,0.023896042830304758,0.29812221788930193,0.010206754077116766,0.008103400961653191,0.010328687590035886,0.01927834892745189,0.008376116500288043,0.00997890968001494,0.0591601029259928,0.019126709386530247,0.019698891166170972,0.00594420906175955,0.007197648446057006,0.007933205580680924,0.011251390525292906,0.023199779721663247,0.038782827024000974,0.2176846044617914,0.3001963699872373,0.054783494413768646,0.24627391381133523,0.008210720459611425,0.19778744363322054,0.2332918848424159,0.02763351557191252,0.014114511065464868,0.007740036397671377,0.007291866620969721,0.10432115422803924,0.02079044684792075,0.26555856466312217,0.07572557798503882,0.09783057608745008
ak4_jet3_pt,0.16713687237762803,0.1517178112708329,0.1139842390626431,0.030214303174315758,0.044492681048032195,0.029528918785036825,0.12494975608496195,0.08111321458836296,0.03858338760985928,0.1102443273766745,0.008957546660046044,0.05636339190855422,0.11434813477872685,0.1272650632646892,0.07980894990941631,0.1593627292341158,0.0,0.019396367415819335,0.010824589994269874,0.030941874810331255,0.12792052136476612,0.005425727847943531,0.016051112199948606,0.18454774989068295,0.03216577795545028,0.03221846194718636,0.007355710239131679,0.09422020344596915,0.008137053884842954,0.0632005928064242,0.004329871056271575,0.027863597499623638,0.02273340706516494,0.014874193459916293,0.06753212957394653,0.011533699394565613,0.011891127332926613,0.003232286902127875,0.008989261402989229,0.0031213627659370975,0.02195230807421604,0.021514504347444396,0.011413515300004062,0.008780500842229486,0.005164516583517685,0.003017611525665421,0.009012059718083556,0.033461060865332126,0.006761571571386542,0.11558224309066362,0.06708595122024119,0.11825039366753698,0.06693122291482448,0.12891273023661565,0.00813698507737627,0.14836307525832343,0.10525947955849191,0.012835539626739334,0.010523956625450102,0.020319784802704348,0.00562570410058711,0.021867570534460447,0.015422663159233824,0.05473379006294349,0.15710587534882214,0.1734014652917197
all_pt,0.035687179432479864,0.015636565871210803,0.012715964177035771,0.00627874280840001,0.015878273083233054,0.014631117930607122,0.009664654600497875,0.01998014347839239,0.011814025592161992,0.1077399103896905,0.0020307914758629416,0.01804394126833244,0.010923649715123315,0.07337638041531828,0.025516817911786498,0.0002238071733781169,0.019396367415819335,0.0,0.00733850597884744,0.0450853970740505,0.0025869957868414617,0.010702881194146094,0.09793711550413632,0.05824627935550741,0.07430624025211961,0.0021836010760776063,0.0041148644567450725,0.00095763336812138,0.027884879261309184,0.037291642573073366,0.013491285808623722,0.005317187760853416,0.012117317470431356,0.008112844006404841,0.015994346179617928,0.03232057486030742,0.010706844897703746,0.008227773321860015,0.018939991461721567,0.015935524787430825,0.008123364586969275,0.0025250903307610408,0.007531359221837161,0.017782352991722483,0.0068760810502178455,0.00485176993176571,0.004415791752747191,0.011325440984213522,0.026435517431189676,0.011062537715547785,0.014030673932003024,0.029747453901125338,0.017883000510470745,0.023856954025301857,0.00046519836986804467,0.035275883419250226,0.006663216652765189,0.017810932074732944,0.020826808572249958,0.013181716609202442,0.008703256497979383,0.07961400200462049,0.0240155296876753,0.06134584481746845,0.014093504403291168,0.007908384639641372
jj_l_dPhi,0.0024802481277338526,0.0021240769785831845,0.014545607427561068,0.017418098204952794,0.006790186128817035,0.04409263477437225,0.020853840792090874,0.01120083236186397,0.06432283072263642,0.02072166752784517,0.09966449155287418,0.00872928623825144,0.014391751557590664,0.024682400437487362,0.0004961215806692282,0.01665285670961261,0.010824589994269874,0.00733850597884744,0.0,0.009596885427875932,0.006558776211870548,0.0034673174425633503,0.014813188112719243,0.008501929651537286,0.008260011407989112,0.014636409225386856,0.0014919121306463472,0.012839043354307592,0.000687019196935406,0.029023960945051587,0.0044639759360365384,0.0014194936113166759,0.004262994209785355,0.0007826740399389936,0.0038403127518525392,0.0158214013028827,0.008253885755180723,0.0007590042671964137,0.009565879228486236,0.00031340728470456724,0.019614703596512042,0.0015826171158561,0.004763564349308051,0.00303696452752139,0.013408119441644719,0.005306239799960047,0.09450408905266586,0.011019680548645161,0.005027274074865647,0.009976828213895875,0.0014206763218030892,0.004837398426457437,0.004900348508623491,0.004122681492860103,0.09106980685070062,0.005877054369479818,0.002416441459431638,0.006121795916290786,0.1512908100488336,0.09158577304606103,0.0003976506457093029,0.02371434924215399,0.006794916665915071,0.015110759017397116,0.007000639776736892,0.014163243611468574
trijet_bijet_dR,0.12013467109933422,0.2062454428641206,0.06194046874746609,0.008388463742950242,0.0061518529177920465,0.010656340904562425,0.15200521026385536,0.014752743089132658,0.03399231393548585,0.1778154495313533,0.00471085672652679,0.008579568233225032,0.06114345039685588,0.01607940498335353,0.02570713244411854,0.012910390008057604,0.030941874810331255,0.0450853970740505,0.009596885427875932,0.0,0.17957668108368896,0.009059850276458226,0.10246150997575601,0.06571826977748052,0.0965125318363638,0.006356689108576036,0.011586552153423822,0.0613447579889837,0.10392484207961981,0.054461932983297434,0.009872198559195114,0.03794565348597398,0.044817314815656664,0.026519539444353393,0.004906350119630226,0.024087897795619522,0.003449788235597255,0.004476276298016563,0.020281123743403795,0.002972824871293007,0.013495268133353899,0.023794932019476855,0.009214751347900554,0.005664293874929619,0.0056042972072124254,0.0010851505102532038,0.01106774914728394,0.056635543193457455,0.01704561216673757,0.029887878627195913,0.0711447803051195,0.12935555862635692,0.13141247506566278,0.04417305726135791,0.0048028777935428014,0.11363548087285218,0.13177972513465436,0.04384388669142608,0.00671128099389967,0.0053253049842891635,0.018867402900751604,0.04792686507066524,0.002004967456091633,0.1669482549246806,0.05303606368737898,0.0827382549314962
blnu_lnu_mT,0.05296203658548612,0.0697237267593036,0.008855931441814846,0.03992427749236786,0.10900456880149656,0.0075916646304216365,0.03461381569288269,0.07033539222035531,0.03479654770232811,0.05200929303027799,0.001965728746945918,0.10917314562471993,0.008417124718350877,0.036548688698202825,0.1315231178732745,0.11841969704960725,0.12792052136476612,0.0025869957868414617,0.006558776211870548,0.17957668108368896,0.0,0.007095042106966482,0.07767271592291941,0.04102566722046641,0.10787552455490523,0.03423511652714745,0.009554438425790492,0.03307325411921136,0.0021687077874086025,0.04676733503815139,0.0075836110770289705,0.13758794321716297,0.09533781458012705,0.021469207225440313,0.0009814271406665964,0.014864362279980007,0.026976834912882126,0.015091536961813664,0.018898695298753716,0.030393305025396906,0.02322220937301581,0.09194169825012112,0.0009674622283096818,0.001162818574156612,0.0013379250113022456,0.00619784067644706,0.0027843602856835745,0.015222827630702429,0.017055954609078015,0.06783729447936981,0.09491630096679698,0.07699820958515455,0.006124483760762245,0.042856661801489726,0.0028320649646238283,0.08708238066352628,0.012861164189630014,0.024098014976836623,0.004033098824170098,0.009273798205076457,0.013584255699088324,0.015916443970156777,0.03045121954948755,0.07076313955478011,0.007007373978043463,0.03514735165056748
jj_lnu_dEta,0.004394872660805781,0.013382329754556492,0.04422550230985237,0.010437714195792331,0.013679040848222341,0.008965400303949706,0.003211889321082049,0.003713936704762309,0.004163451822113685,0.017411785265069254,0.011290590535692225,0.013602093306881067,0.04453060459273229,0.02353793810525537,0.032026080964186965,0.0020543609386847353,0.005425727847943531,0.010702881194146094,0.0034673174425633503,0.009059850276458226,0.007095042106966482,0.0,0.022434086762694424,0.020995052736590945,0.03286107996781025,0.0032798927506191814,0.014881094116975468,0.028914823996767765,0.005479791790280752,0.014161304956605426,0.018106159273950158,0.011391296158096472,0.021612562295522532,0.024312756342337982,0.016429674668326344,0.09237969175509941,0.010460267954033969,0.02048227924290902,0.019165601975631413,0.016217528949105442,0.03470033528406885,0.030595662136578067,0.008468021990846189,0.008899528003828821,0.00020213971434502795,0.15860419876216786,0.005406208304476122,0.00424976588374588,0.07597394898444854,0.027153913718578032,0.01024579966042806,0.015425909593518599,0.009136451656007336,0.014423337159118912,0.011616823244353838,0.005411627859814209,0.012061599704202097,0.006432822453365572,0.02602217410197697,0.008580451277746776,0.06616367323872102,0.007741749786201373,0.0006862042607776899,0.018513338337399158,0.01989652290680963,0.018704677478097877
jj_lnu_dR,0.1436490903823939,0.13703902673745022,0.0457728986296633,0.04196038389413167,0.017568819045832455,0.0430040431730586,0.011699545185811136,0.06507051252530285,0.05677765289594239,0.12060093255421916,0.0018886887832595578,0.042018100898876226,0.047266432050779794,0.20037688985936875,0.12652135825777092,0.11816029713509282,0.016051112199948606,0.09793711550413632,0.014813188112719243,0.10246150997575601,0.07767271592291941,0.022434086762694424,0.0,0.1493681863019825,0.1344516177545625,0.03406126223886745,0.022095701626865468,0.10506824213009297,0.12696763844857292,0.05898847677033098,0.014124881031983831,0.09168928825905107,0.06445542979677588,0.005805044415732904,0.0838840716733707,0.002457747943343107,0.009455796365018787,0.0035370362625733137,0.036133801158822164,0.023346996992897297,0.0022044623089191454,0.058960534228423525,0.020022869532803245,0.0037217966053285124,0.006270706660242936,0.01375098495801686,0.001170056770178053,0.16060312553209238,0.01735002536468895,0.1679050288640524,0.0848026890620219,0.1991621971534707,0.10811394095799519,0.03740452781482612,0.03275435316319563,0.05291040449195064,0.026076955371692592,0.00023744177392681661,0.0159174833382584,0.01903884818457208,0.019628893516983093,0.19422758958180422,0.10838098663065177,0.15079818839459835,0.026965728175685495,0.11556965336523406
trijet_pt,0.07631380100580404,0.13776376500736442,0.06865200428528906,0.06591437783009998,0.0490143024780898,0.02932149949617566,0.1037147145727601,0.19471965285257264,0.02661786707667993,0.19281332286173314,0.00859980100256927,0.2029036223399952,0.06752363665086158,0.04515185794920762,0.016780484591203376,0.08683517588787107,0.18454774989068295,0.05824627935550741,0.008501929651537286,0.06571826977748052,0.04102566722046641,0.020995052736590945,0.1493681863019825,0.0,0.15998846988278628,0.018881611616634805,0.01627117655904379,0.05065598866896581,0.052931132009910356,0.016232237483605028,0.003915607121736222,0.00029486776008214033,0.09953537544863222,0.013026797265305272,0.2269328624117193,0.0071829848638885075,0.00626823468600359,3.675709036948032e-05,0.005160384429286542,0.006975209299408111,0.017738031913207997,0.05741334661719988,0.016686034141251378,0.006990178658424289,0.008173713921225083,0.000628619227945015,0.014482412467408388,0.007211149824864982,0.007916035391264021,0.053399354866594084,0.1464106079627373,0.12382485811998029,0.0012143135965111407,0.15630861381691818,0.00022868594233595396,0.0051295623559943215,0.11206178250199572,0.0038077886715010664,0.010260559663218786,0.011810279467657156,0.020685527996610123,0.045867568116041646,0.036196579216132396,0.08919078067077468,0.08707554815880247,0.04417242265676358
jj_l_dR,0.1456721801462777,0.11187151150298838,0.06176199130968138,0.021522483127909116,0.04131971607833355,0.023618686879892527,0.039467927432625866,0.08038537603572563,0.043769158629734045,0.15901112945478357,0.005913290952370035,0.05488377157949397,0.06297012389211443,0.21427666604756865,0.13789549389420713,0.05663727000763,0.03216577795545028,0.07430624025211961,0.008260011407989112,0.0965125318363638,0.10787552455490523,0.03286107996781025,0.1344516177545625,0.15998846988278628,0.0,0.024139063592857356,0.03479243990104905,0.12641740993212774,0.10518502747824059,0.08489454655858339,0.02098159732235384,0.07403814067696349,0.05020758672868982,0.01704280374035509,0.08147984697397449,0.002995744626107977,4.645345624817888e-05,0.01769757707460258,0.02520549120634021,0.032211216522717495,0.007438078355152018,0.0496102819230251,0.02840783380602406,0.013092091004232453,0.008121213094460823,0.0141326101144901,0.00455838614658596,0.1675430103597764,0.0153479720081219,0.18293877044286444,0.08200877448968015,0.18551028578984163,0.17974499506028493,0.028857632754586013,0.02651665419753425,0.051696009733948944,0.010056264173156873,0.004185575392949242,0.016351654139796338,0.013981764883209312,0.016144604987918608,0.19355848325241312,0.07298572568121946,0.1583055840244149,0.049692444334240055,0.11810146739940403
ak4_jet3_bscore,0.04995720882887039,0.0005565267384194002,0.03043674626023129,0.00654770042480507,0.07045420929079446,0.018429962569384062,0.03654239512563505,0.024383640241457002,0.013577315293738061,0.04525012958689758,0.012054886071249238,0.04033177030386592,0.030586968628184732,0.03803524432421672,0.03993327756075479,0.0002662263198552634,0.03221846194718636,0.0021836010760776063,0.014636409225386856,0.006356689108576036,0.03423511652714745,0.0032798927506191814,0.03406126223886745,0.018881611616634805,0.024139063592857356,0.0,0.0015660726745034203,0.018106181113091674,0.00014557230742005822,0.03730563533863802,0.001534660281905243,0.03313488704071785,0.07035642726743854,0.007625368217940625,0.050145072460451065,0.009746684325198287,0.010170965956701618,0.016951403947387898,0.018024784442740045,0.009311241198654535,0.010676116547487622,0.025534137924486718,0.017480989600690278,0.011942435910810999,0.004988897224237132,0.00480392134743903,0.0007855230591821134,0.05550804677852457,0.01593425170385179,0.0251188713921994,0.026205507773785795,0.030938427388078643,0.026839667982883356,0.00024997613063063723,0.02618666313935704,0.0056792042788757005,0.0069321112520189035,0.00637631306708904,0.006720009900755528,0.0005079093994372084,0.012086252272088647,0.014627286180056182,0.01133059941034295,0.022469172545235686,0.008122420836432637,0.028629496037773306
jj_l_dEta,0.002154070969101878,0.008849118092835303,0.04173460657397542,0.0063346907621294885,0.017310278682786197,0.015934639698170768,0.007527953305814913,0.008595311739022898,0.01194544686068391,0.019538785446214582,0.008858264057545707,0.017650129446238866,0.04192813507645046,0.023410205215727228,0.029772780772377393,0.0018396073748575496,0.007355710239131679,0.0041148644567450725,0.0014919121306463472,0.011586552153423822,0.009554438425790492,0.014881094116975468,0.022095701626865468,0.01627117655904379,0.03479243990104905,0.0015660726745034203,0.0,0.030866780566555365,0.006210804159375598,0.012105149614094896,0.019707250193099057,0.012042483804092759,0.025090342116667688,0.030103638486630557,0.017231398613944505,0.12251672952010517,0.010903706895835792,0.010878858536153585,0.011029880019214917,0.02400766614627839,0.04693897360241592,0.034059716759004904,0.014100468477149864,0.006487822048046952,0.0010853789053926026,0.12392850709723557,0.003054223252113452,0.004201954470064524,0.085391994830855,0.028687834153548832,0.006438637415488735,0.010424417960711356,0.00518463314961546,0.011355818019068997,0.009540692391323838,0.01340207440294317,0.008755003725502633,0.01535123924016868,0.02813646912847469,0.012301873637184824,0.07201195774278595,0.005898598195661452,0.00992070050685403,0.019150684163857755,0.004818479331489544,0.012437005796021465
WW_mT,0.04753743982364514,0.1709506574118027,0.004936747542440889,0.017528982443321343,0.09261291909187591,0.006019941629438086,0.07261532172100593,0.0496196525532141,0.009044395839274223,0.13101984310227166,0.018046110971834874,0.06562828540826388,0.004694888180476919,0.02955292602601567,0.0222921131744942,0.08512154234985503,0.09422020344596915,0.00095763336812138,0.012839043354307592,0.0613447579889837,0.03307325411921136,0.028914823996767765,0.10506824213009297,0.05065598866896581,0.12641740993212774,0.018106181113091674,0.030866780566555365,0.0,0.01619590597676765,0.023306390614012296,0.01844069312961703,0.09691496612696424,0.041650758638339565,0.021382864971203733,0.02293373313327665,0.0004286240864900784,0.005286110416156333,0.00877868227702618,0.02081571719538129,0.008384098582511294,0.00011022731222869343,0.07428656993483693,0.019378051854001425,0.0207957270628597,0.0045542279076547015,0.01479093343722246,0.01875820335935087,0.03072851833372403,0.007409682147976565,0.0169649857381462,0.09898526562921661,0.011675058312739572,0.021205366027458983,0.07263483241691104,0.013413708653515988,0.027621289346960932,0.06480874449264107,0.005728793567013605,0.03392068495160045,0.004077230553255352,0.020243799076029655,0.06497628407576084,0.004154254334568536,0.07526678480057389,0.04022828993668261,0.026681095410440503
blnu_bl_mInv,0.0064280449236364945,0.0286910969132618,0.019989517885858177,0.05327225336366723,0.04325123950443052,0.010999073325656403,0.07882251383369787,0.09284200811358556,0.029525699966992048,0.10921771238495265,0.006009485275714611,0.03912018816141763,0.019324487239377353,0.004955942136610339,0.06547737978751417,0.07914282582962329,0.008137053884842954,0.027884879261309184,0.000687019196935406,0.10392484207961981,0.0021687077874086025,0.005479791790280752,0.12696763844857292,0.052931132009910356,0.10518502747824059,0.00014557230742005822,0.006210804159375598,0.01619590597676765,0.0,0.08064762026300673,0.029934140808427566,0.07105844750220522,0.10342610416466008,0.021857106758174722,0.04819116005768301,0.011276217332210133,0.0014864224951615618,0.001381388614006126,0.001119159206112025,0.006594503102188568,0.02565605059130433,0.006335762816850318,0.024829571271230692,0.010528184481134718,0.009372839664036663,0.015165785281609218,0.008693152512675936,0.044112875927095535,0.01044303118799124,0.06389038334598249,0.06242415932393272,0.0857179104125067,0.036724671868393864,0.1038970890213784,0.015073296151434023,0.193590206062294,0.06765062073946074,0.008902238411928902,0.0024708525131117405,0.027520109682154348,0.0009076852866595566,0.002717820023478326,0.017677497608966503,0.09182460389937719,0.04038491205240463,0.02286405080092277
trijet_mInv,0.006322436047713459,0.02345639635337793,0.03825193137862293,0.008415645480087282,0.023140234136478758,0.0012081436042229304,0.0008082631642862825,0.006428756210759612,0.009175902190893967,0.06479675187496353,0.03594406327954349,0.021275614969684387,0.03781995668839511,0.005024501840852846,0.016863999270305102,0.084727448018472,0.0632005928064242,0.037291642573073366,0.029023960945051587,0.054461932983297434,0.04676733503815139,0.014161304956605426,0.05898847677033098,0.016232237483605028,0.08489454655858339,0.03730563533863802,0.012105149614094896,0.023306390614012296,0.08064762026300673,0.0,0.03335672119705024,0.07331115029447484,0.024012513260428914,0.016653668923663743,0.043795692039333756,0.031034176368473047,0.0001669083331613204,0.018222866730323195,0.005153261025828154,0.003808412967799209,0.00984261144473919,0.06257980005290552,0.014765291083854505,0.013379904120828085,0.00022559919211758252,0.010701177910856317,0.031208983223452995,0.06907059931124493,0.0047642902631942615,0.0007332777304279725,0.003659749786643185,0.03480377304804383,0.041725140492503004,0.05783656391204553,0.00965928610146948,0.05049760007794246,0.020593652508346105,0.020863338115873972,0.03731789338077676,0.005120612475841057,0.010010282304341912,0.029482028799232507,0.018945606950147853,0.007753638765449877,0.06185647113959286,0.026978975363333157
lep0_iso,0.0011830929585236348,0.013609863893610439,0.007028449484827757,0.0023801598734828353,0.005337845112076515,0.014619917939465385,0.022040234908409555,0.0018587831926944842,0.01920479732528692,0.009984982445013143,0.02257737467039599,0.01051588684472808,0.006753742514821582,0.007087676057605293,0.008816240929743759,0.010699569176447942,0.004329871056271575,0.013491285808623722,0.0044639759360365384,0.009872198559195114,0.0075836110770289705,0.018106159273950158,0.014124881031983831,0.003915607121736222,0.02098159732235384,0.001534660281905243,0.019707250193099057,0.01844069312961703,0.029934140808427566,0.03335672119705024,0.0,0.003904396087626083,0.006298316718520474,0.02898030302341381,0.0018200025208510995,0.02634819855591904,0.0030789168212908506,0.0023725998966086562,0.0030956600901994387,0.0038394400253709215,0.009146124445655119,0.009335574713460698,0.024816916744814465,0.009073018421710329,0.006488752890973716,0.007884784854593067,0.01626432271177417,0.03465123384453587,0.021476897955495202,0.020219111466389977,0.006673879886123228,0.0006183851510574764,0.0021717480813841367,0.013801932963942373,0.0012248523239542092,0.006095783758147148,3.500028519484895e-05,0.046150749856910624,0.00012220625317701833,0.002569470146372016,0.02546946478581528,0.01805769702389682,0.011906721813847304,0.0017071412663648734,0.00617495133105418,0.0024680267993123697
nAK4_nonbtag,0.03041624953488544,0.061277681169571774,0.07303646910438816,0.027273895941388265,0.006726189789202558,0.011291096541981321,0.08703180238736759,0.023329921004429155,0.014012645882876783,0.20378314621004762,0.018233776278076957,0.025287219911775877,0.07303063565243784,0.03215122465215106,0.0027429211266323528,0.12506780390826946,0.027863597499623638,0.005317187760853416,0.0014194936113166759,0.03794565348597398,0.13758794321716297,0.011391296158096472,0.09168928825905107,0.00029486776008214033,0.07403814067696349,0.03313488704071785,0.012042483804092759,0.09691496612696424,0.07105844750220522,0.07331115029447484,0.003904396087626083,0.0,0.07131002184925828,0.003637025460668077,0.0539653275214938,0.014425301338373027,0.008341779650437418,0.020557642921589413,0.002182979685755809,0.013978535971256605,0.003306151377756275,0.03500873545181227,0.009730261769446285,0.011031233011649114,0.006316118839094232,0.002465376631548421,0.01918876152450777,0.04340765591503895,0.002316563201231927,0.08303631623096443,0.023675238803898713,0.006657535442453384,0.10355396650785695,0.08904205598655793,0.002572275425832814,0.1842875294232394,0.0718186025982081,0.003983981510213779,0.009441385816163241,0.0026095587727741334,0.008094806677159254,0.1060881461099426,0.045894197661642835,0.13885340166453908,0.1253400784145192,0.02867036465943519
nAK4_btag,0.1467585063404281,0.04653967162741642,0.020427931678959965,0.059435584010356785,0.012413677140982543,0.006917604578028699,0.06436813687676596,0.0438926392205724,0.020068918402778226,0.11183872317160652,0.019055665611028966,0.01987060735738026,0.020375450281671474,0.12609159962329142,0.047195225028617116,0.2857613713705999,0.02273340706516494,0.012117317470431356,0.004262994209785355,0.044817314815656664,0.09533781458012705,0.021612562295522532,0.06445542979677588,0.09953537544863222,0.05020758672868982,0.07035642726743854,0.025090342116667688,0.041650758638339565,0.10342610416466008,0.024012513260428914,0.006298316718520474,0.07131002184925828,0.0,0.012398316599346359,0.07968592740116133,0.0254877613585621,0.011910417955135415,0.014902074024624602,0.00804181789309328,0.00022237412064493676,0.033802915086492295,0.027185251025527546,0.012274641533864946,0.031544385351424654,0.017646785509248284,0.03763716407810321,0.01877197329487581,0.009073924735915756,0.004447507951205409,0.019017021037600886,0.04632421094472749,0.05761798942282582,0.06032805333165689,0.03095803953151066,0.009464757545309226,0.34702602959183354,0.00767199766824991,0.0053253134906638315,0.009720807750643982,0.008234367531827444,0.008875349119540486,0.08689431149638312,0.10221909628337844,0.14106436725474075,0.2815250647226931,0.07842137977318807
bjet_bijet_dEta,0.005960989307594638,0.01882980705013891,0.03472184036117838,0.018525483130267823,0.004741700965149599,0.006159735008833099,0.022418793970180935,0.0012429324341944937,0.005076815717013315,0.022093318744342772,0.0036563940793018592,0.02582220471242241,0.034653889796848567,0.006627721170618449,0.015400555913553396,0.023896042830304758,0.014874193459916293,0.008112844006404841,0.0007826740399389936,0.026519539444353393,0.021469207225440313,0.024312756342337982,0.005805044415732904,0.013026797265305272,0.01704280374035509,0.007625368217940625,0.030103638486630557,0.021382864971203733,0.021857106758174722,0.016653668923663743,0.02898030302341381,0.003637025460668077,0.012398316599346359,0.0,0.02207291207626476,0.18607104272179079,0.01282100190164791,0.04215769024964436,0.01715529067473986,0.02066631976145719,0.0383046205178679,0.005179544529654578,0.021092485748006037,0.003329299340500327,0.012248770524952863,0.12357123355186447,0.0019581147621878453,0.005806285378419421,0.16248015464518742,0.017285852126689906,0.004939120418453705,0.02085564545148377,0.013678307791026403,0.025553240762672638,0.008479928903880257,0.018980218703587008,0.013936087549374582,0.03287525414849457,0.011402335282181,0.014321821824730843,0.023852767412751316,0.018856263930705722,0.01614937039421596,0.030221129446913565,0.012744248111579036,0.0055861908091225715
bjet1_pt,0.34857329334965736,0.11422697936241316,0.08388247114568398,0.08608062398496885,0.013150891292987979,0.04741215338930305,0.016842625438493797,0.13319057052465805,0.010048693417259412,0.043867223246481346,0.03553412138033798,0.08383879508896258,0.08360644234620818,0.19248968930604915,0.06233287013085064,0.29812221788930193,0.06753212957394653,0.015994346179617928,0.0038403127518525392,0.004906350119630226,0.0009814271406665964,0.016429674668326344,0.0838840716733707,0.2269328624117193,0.08147984697397449,0.050145072460451065,0.017231398613944505,0.02293373313327665,0.04819116005768301,0.043795692039333756,0.0018200025208510995,0.0539653275214938,0.07968592740116133,0.02207291207626476,0.0,0.001209825444208448,0.001192977735976777,0.0005359098012367062,0.04077334543022329,0.00443160009911404,0.004461620561057077,0.003239497134854899,0.015250218524574624,0.023743365477266413,0.009755144168147802,0.0011440814619691042,0.027598699511337123,0.04509122004151062,0.004389571398985718,0.06565445227934341,0.08769674295612462,0.22285953925731128,0.0066127597200217325,0.09504395974576452,0.0009196203207327679,0.38187801357682016,0.06840563581127551,0.015937859890410754,0.00809392133088679,0.008836214266104798,0.013406393689717334,0.1465110210301776,0.000185142319497289,0.03174150191121644,0.3894762399371936,0.21951057477623462
ak4_jet0_eta,0.00042500120669399676,0.00495326554529191,0.01133018027705672,0.011476086973977985,0.0006876787486196209,0.0036559727058864976,0.00617029783684096,0.011983863917690699,0.0052615226902432985,0.006954404144167686,0.00321278459940214,0.0076445821431811,0.010784993629201848,0.015699191526795234,0.01012056231816433,0.010206754077116766,0.011533699394565613,0.03232057486030742,0.0158214013028827,0.024087897795619522,0.014864362279980007,0.09237969175509941,0.002457747943343107,0.0071829848638885075,0.002995744626107977,0.009746684325198287,0.12251672952010517,0.0004286240864900784,0.011276217332210133,0.031034176368473047,0.02634819855591904,0.014425301338373027,0.0254877613585621,0.18607104272179079,0.001209825444208448,0.0,0.017140450637906476,0.043905403425476996,0.02016345747357322,0.012460173632861782,0.023419436893858947,0.0020874627928988503,0.004885552750269195,0.005177369829000342,0.00708049536252826,0.09037619562410176,4.4076206770863875e-06,0.006433553798638734,0.02828640398261384,0.0015106043683590635,0.004697666730201792,0.000525220202385241,0.012006117440713815,0.00016515463937627592,0.009857005046979768,0.016631857026166635,0.009125981367440786,0.20213331731445483,0.03280873643119094,0.001943843433820829,0.10557937601245206,0.03152342994372836,0.0035346223516077527,0.006437163020170988,0.03081723509809744,0.009900392997523322
ak4_jet3_phi,0.00712265599283918,0.0015832746621059707,0.0031970964869082203,0.025433917603319523,0.0010752406809796493,0.010160193737345504,0.006354420687355997,0.0017075008911467155,0.0004808357638158075,0.0039598060142000575,0.0016282679972545527,0.015312847460899202,0.003043154397563849,0.008622736716813802,0.029495577513221193,0.008103400961653191,0.011891127332926613,0.010706844897703746,0.008253885755180723,0.003449788235597255,0.026976834912882126,0.010460267954033969,0.009455796365018787,0.00626823468600359,4.645345624817888e-05,0.010170965956701618,0.010903706895835792,0.005286110416156333,0.0014864224951615618,0.0001669083331613204,0.0030789168212908506,0.008341779650437418,0.011910417955135415,0.01282100190164791,0.001192977735976777,0.017140450637906476,0.0,0.02280650351212739,0.08806656302346916,0.005588573512911891,0.014521673452708607,0.0009520554415406041,0.04255812510275373,0.002766102962536314,0.007458341154290716,0.02407935799773628,0.001970503184504174,0.003570157539005248,0.008788847072134344,0.006027716441024154,0.004791515708309877,0.006888701107835918,0.022403225838350634,0.01121881924434594,0.0013603794505322828,0.0032993204186445783,0.004785196998230267,0.027424269031926095,0.00879531480436894,0.003951368213471441,0.004511983188769496,0.0029484198295067795,0.0051502994417821964,0.0022569782788483153,0.005327463176774786,0.003051131768984145
ak4_jet1_eta,0.01614691181371359,0.005852614927764174,0.005094911351137479,0.002979164367292734,0.01791075302272536,0.011193358514634415,0.0010674869083363674,0.011083701799211745,0.013619214763739347,0.0009006464484031725,0.020231563475587657,0.006539044514044551,0.005446634674903266,0.003472677993072863,0.021539047606762896,0.010328687590035886,0.003232286902127875,0.008227773321860015,0.0007590042671964137,0.004476276298016563,0.015091536961813664,0.02048227924290902,0.0035370362625733137,3.675709036948032e-05,0.01769757707460258,0.016951403947387898,0.010878858536153585,0.00877868227702618,0.001381388614006126,0.018222866730323195,0.0023725998966086562,0.020557642921589413,0.014902074024624602,0.04215769024964436,0.0005359098012367062,0.043905403425476996,0.02280650351212739,0.0,0.010615758409293132,0.020306880320450693,0.0016639731962888038,0.013579148006884686,0.0036425792049085796,0.015308380844472617,0.00949869226913722,0.09146374259841378,0.015694072699158224,0.019593440102332826,0.14480819702686562,0.009482870934294329,0.004350295722947456,0.014081275502672413,0.017429433699028996,0.013778711667336258,0.033865780249821516,0.023005357841965644,0.008822048943364526,0.044729386318947295,0.012007747522802236,0.009525654700092399,0.007315287055592865,0.005070453757676637,0.012212292659621586,0.011264247136801336,0.010108757206708256,0.006567488150852511
lep0_phi,0.012613206179223598,0.0012951670432154094,0.003755093715784517,0.010565390362058943,0.012824540453488081,0.0014328055226586359,0.01123328583059079,0.00755580697102718,0.014326483873474696,0.028545665807560246,0.0026375669314018394,0.009519535323922778,0.0034024796370879817,0.006896543939601012,0.023933632828847272,0.01927834892745189,0.008989261402989229,0.018939991461721567,0.009565879228486236,0.020281123743403795,0.018898695298753716,0.019165601975631413,0.036133801158822164,0.005160384429286542,0.02520549120634021,0.018024784442740045,0.011029880019214917,0.02081571719538129,0.001119159206112025,0.005153261025828154,0.0030956600901994387,0.002182979685755809,0.00804181789309328,0.01715529067473986,0.04077334543022329,0.02016345747357322,0.08806656302346916,0.010615758409293132,0.0,0.017227998711164774,0.008439823336256513,0.003613945537895611,0.07047705374120392,0.0510543567427455,0.09599000276708776,0.00741159053056764,0.0022009701672976683,0.018504197542550796,0.0010487731966626309,0.02865461653003659,0.001795601491927178,0.01855875306127408,0.01518230301291103,0.016354244290220296,0.0013681388883112337,0.01718534941329111,0.006125157424001501,0.01897089975580409,0.03129492546994144,0.003154359805054812,0.0054727625624500864,0.010461837503588228,0.04239076940911819,0.026037941407499036,0.0008365842770905268,0.0356978421511384
ak4_jet2_eta,0.01028711256947811,0.0012398817791620968,0.001967309280352137,0.009978519462863742,0.02223873163679766,0.01944649744008963,0.002893627109834466,0.012678214223406823,0.002458131712882721,0.002241624002393587,0.01569252961857904,0.017947716646094156,0.0022040277355672255,0.015801028228816183,0.0001561495561847641,0.008376116500288043,0.0031213627659370975,0.015935524787430825,0.00031340728470456724,0.002972824871293007,0.030393305025396906,0.016217528949105442,0.023346996992897297,0.006975209299408111,0.032211216522717495,0.009311241198654535,0.02400766614627839,0.008384098582511294,0.006594503102188568,0.003808412967799209,0.0038394400253709215,0.013978535971256605,0.00022237412064493676,0.02066631976145719,0.00443160009911404,0.012460173632861782,0.005588573512911891,0.020306880320450693,0.017227998711164774,0.0,0.02607364516506544,0.01713798680352463,0.006483769517509799,0.018020885577333123,0.01095734815631667,0.07283082042172664,0.007736715373266213,0.011017427533332824,0.12758844029420208,0.01036894497563178,0.010325646668210118,0.005411621188746795,0.026968748684775553,0.01517911585536466,0.004654728661505434,0.0020348647180853862,0.0009063930324661208,0.036110268805497364,0.013458797927035547,0.016314486259267652,0.016634108565994316,0.0071862252404090755,0.004159172421654894,0.003647006898239282,0.012552913773571286,0.02763746758726347
ak4_jet3_eta,0.02079496488273476,0.024014663922700068,0.0008291139440982948,0.020465874150556278,0.005008873710770506,0.004672821503931114,0.008916220319353569,0.008895731263318917,1.230735690078207e-06,0.01533973655770468,0.013432142754289996,0.005842849451608176,0.0010257858129932387,0.011191543420105901,0.008245111604180764,0.00997890968001494,0.02195230807421604,0.008123364586969275,0.019614703596512042,0.013495268133353899,0.02322220937301581,0.03470033528406885,0.0022044623089191454,0.017738031913207997,0.007438078355152018,0.010676116547487622,0.04693897360241592,0.00011022731222869343,0.02565605059130433,0.00984261144473919,0.009146124445655119,0.003306151377756275,0.033802915086492295,0.0383046205178679,0.004461620561057077,0.023419436893858947,0.014521673452708607,0.0016639731962888038,0.008439823336256513,0.02607364516506544,0.0,0.022034249085911672,0.0025483009036090716,0.0006200299655743152,0.0012750891408165376,0.10689135647312081,0.006517342126385469,0.02050410488564519,0.113379827924913,0.0023751984195648284,0.0005228254769004601,0.014286032963326332,0.022868809528729175,0.030771778189421162,0.003761027992499473,0.003407977701416557,0.009089650818599143,0.044645967367855525,0.0006842993270105499,0.018969841188273932,0.012131081425115528,0.01294693190362944,0.006581084680021049,0.014849525774692623,0.03129637747696439,0.02558114380476225
nAK4,0.07146215293997439,0.09796896977149455,0.07677112560185223,0.02335549906260919,0.026882753067107565,0.017134791257942105,0.05485419434526662,0.04673296517161987,0.004149045878110692,0.1452985065096005,0.007467022397330851,0.02432952089420093,0.07676402649134273,0.04235723768254962,0.03323795031940402,0.0591601029259928,0.021514504347444396,0.0025250903307610408,0.0015826171158561,0.023794932019476855,0.09194169825012112,0.030595662136578067,0.058960534228423525,0.05741334661719988,0.0496102819230251,0.025534137924486718,0.034059716759004904,0.07428656993483693,0.006335762816850318,0.06257980005290552,0.009335574713460698,0.03500873545181227,0.027185251025527546,0.005179544529654578,0.003239497134854899,0.0020874627928988503,0.0009520554415406041,0.013579148006884686,0.003613945537895611,0.01713798680352463,0.022034249085911672,0.0,0.0023449854578995034,0.010999448477668036,0.021333788496339427,0.03198484739638663,0.008866439816781117,0.04145429022121185,0.006270292013838384,0.07647177808601732,0.033852602786272334,0.04450532638758001,0.07731035205118875,0.07822687260659009,0.01045648388208823,0.04314094435725371,0.06693423348117067,0.0007249952231884884,0.003977028494804638,0.003179353423689217,0.0029931231260776786,0.06316023367299683,0.01294532662199542,0.0544204129698407,0.05912921939178856,0.08678313757640058
met_phi,0.004943843581144729,0.008777249700424419,0.004239913039803143,0.002971430521479167,0.013521747734346758,0.007170395130434625,0.004283367089277116,0.005161996096549722,0.0001478356117264498,0.011617876179761209,0.003957762777916006,0.006064624401793708,0.004598746692080133,0.004747343860031634,0.017696759836101774,0.019126709386530247,0.011413515300004062,0.007531359221837161,0.004763564349308051,0.009214751347900554,0.0009674622283096818,0.008468021990846189,0.020022869532803245,0.016686034141251378,0.02840783380602406,0.017480989600690278,0.014100468477149864,0.019378051854001425,0.024829571271230692,0.014765291083854505,0.024816916744814465,0.009730261769446285,0.012274641533864946,0.021092485748006037,0.015250218524574624,0.004885552750269195,0.04255812510275373,0.0036425792049085796,0.07047705374120392,0.006483769517509799,0.0025483009036090716,0.0023449854578995034,0.0,0.02024613009004625,0.0269604067498821,0.004969981748650739,0.00754879786799055,0.01571489114926688,0.02057123012636939,0.0233565734412181,0.0028658726332101148,0.006730858394226281,0.0036761614752171302,0.0054331065240390535,0.018747527153456775,0.00967814220772676,0.0021592886373271165,0.011596264257123219,0.008211089108818573,0.006748168341992582,0.009880211430897644,0.003126033290315472,0.003759629966979568,0.016787465597961036,0.008693570156384438,0.018492506733359358
ak4_jet1_phi,0.023573169305077794,0.009541674195272281,0.017545602760400656,0.018959528051315528,0.012961679755118815,0.02181592856063301,0.013667884615084185,0.02160368466401677,0.01867112998018965,0.003247730384835115,0.006921090524323173,0.0014060435287476338,0.017814444614411215,0.018440294978026347,0.015200464886321263,0.019698891166170972,0.008780500842229486,0.017782352991722483,0.00303696452752139,0.005664293874929619,0.001162818574156612,0.008899528003828821,0.0037217966053285124,0.006990178658424289,0.013092091004232453,0.011942435910810999,0.006487822048046952,0.0207957270628597,0.010528184481134718,0.013379904120828085,0.009073018421710329,0.011031233011649114,0.031544385351424654,0.003329299340500327,0.023743365477266413,0.005177369829000342,0.002766102962536314,0.015308380844472617,0.0510543567427455,0.018020885577333123,0.0006200299655743152,0.010999448477668036,0.02024613009004625,0.0,0.02622774136308035,0.002941056669765356,0.005350294295291325,0.02255903153337292,0.008827170960027038,0.022411126090593016,0.005830027860024943,0.0029488665804254218,0.018239232498170554,0.00417917933807209,0.0126230566625349,0.022332170667467288,0.0022520784919011936,0.004382412383388745,0.004418947788794226,0.0020890993169973594,0.008293560369021269,0.013310513128097345,0.0064552600535952315,0.010596287013414153,0.006000098636746189,0.015130821523979095
ak4_jet2_phi,0.012566181418293234,0.012471148535648822,0.017444831399960687,0.014458903749346387,0.0026643257597143556,0.01713311909382761,0.0015026915465552776,0.010035606157162064,0.014824820276541667,0.0030931763193328176,0.0007342481053219309,0.004538919000931493,0.017359973341549872,0.0008853074884995965,0.00021867306356934132,0.00594420906175955,0.005164516583517685,0.0068760810502178455,0.013408119441644719,0.0056042972072124254,0.0013379250113022456,0.00020213971434502795,0.006270706660242936,0.008173713921225083,0.008121213094460823,0.004988897224237132,0.0010853789053926026,0.0045542279076547015,0.009372839664036663,0.00022559919211758252,0.006488752890973716,0.006316118839094232,0.017646785509248284,0.012248770524952863,0.009755144168147802,0.00708049536252826,0.007458341154290716,0.00949869226913722,0.09599000276708776,0.01095734815631667,0.0012750891408165376,0.021333788496339427,0.0269604067498821,0.02622774136308035,0.0,0.003040575091361064,0.011699557995065075,0.0053262142666967854,0.009520706248191822,0.006256732155962852,0.012798744689548296,0.003539920814103241,0.0009676252022678916,0.0027994890228278057,0.012916931494132844,0.010180215758325745,0.009759921030660182,0.013414658895162385,0.0025933663793592274,0.0008715690275149211,0.004374847685989435,0.0013394027766775647,0.006616774214168562,0.008567593173332846,5.467973831198845e-05,0.004124071261362304
lep0_eta,0.0076131134025315406,0.005996592971515931,0.018521079611590767,0.02707313511860348,0.02256465872366603,0.008420036547951957,0.006921940951020915,0.005124018901954504,0.005285360465240941,0.004597737966070256,0.015142379965297532,0.00768147382569963,0.018434570093868615,0.004069332189760847,0.021807531750978302,0.007197648446057006,0.003017611525665421,0.00485176993176571,0.005306239799960047,0.0010851505102532038,0.00619784067644706,0.15860419876216786,0.01375098495801686,0.000628619227945015,0.0141326101144901,0.00480392134743903,0.12392850709723557,0.01479093343722246,0.015165785281609218,0.010701177910856317,0.007884784854593067,0.002465376631548421,0.03763716407810321,0.12357123355186447,0.0011440814619691042,0.09037619562410176,0.02407935799773628,0.09146374259841378,0.00741159053056764,0.07283082042172664,0.10689135647312081,0.03198484739638663,0.004969981748650739,0.002941056669765356,0.003040575091361064,0.0,0.0032077196422332474,0.009534805803625755,0.09937655634210496,0.01616945133484182,0.007675992934801571,0.007300643181056433,0.006061790785776983,0.009340414916504931,0.006842727434414194,0.01354549389887139,0.002586108070601467,0.01461862212363857,0.008857494830924713,0.0009726472022879766,0.050985673235640086,0.0036976831741175613,0.006272151839918003,3.9286734006834876e-05,0.023256853704179133,0.0066944211202929135
trijet_bijet_dPhi,0.014705254943653089,0.01024575415613546,0.023844834414490736,0.007880215163273906,0.011922598926696889,0.009985825698174522,0.0003995529101134008,0.017670042168049422,0.0545485443879864,0.007651870055834641,0.05159042046422668,0.017617480190307688,0.02358548725956831,0.007197947305577319,0.01540192905132871,0.007933205580680924,0.009012059718083556,0.004415791752747191,0.09450408905266586,0.01106774914728394,0.0027843602856835745,0.005406208304476122,0.001170056770178053,0.014482412467408388,0.00455838614658596,0.0007855230591821134,0.003054223252113452,0.01875820335935087,0.008693152512675936,0.031208983223452995,0.01626432271177417,0.01918876152450777,0.01877197329487581,0.0019581147621878453,0.027598699511337123,4.4076206770863875e-06,0.001970503184504174,0.015694072699158224,0.0022009701672976683,0.007736715373266213,0.006517342126385469,0.008866439816781117,0.00754879786799055,0.005350294295291325,0.011699557995065075,0.0032077196422332474,0.0,0.02134958740306318,0.006396602164083299,0.019866188463699468,0.016769930044061885,0.007317295132178491,0.007173085137620383,0.010483661118905583,0.05973048715494969,0.005336116471894652,0.016064613143029042,0.004238638743784518,0.044898939368627655,0.02978800788599173,0.0049685033103959745,0.0007962780708784927,0.0030393458477205315,0.01501917294421176,0.0017312175925638107,0.012554072653829813
mjj,0.07554587345650991,0.1433182443505635,0.001460215550667443,0.004642169866891872,0.042836059277404484,0.00636108610391431,0.03932137691580255,0.007380395814559182,0.011625208757985804,0.15879650654173966,0.024640927656135937,0.004425416948517447,0.0013802806130651657,0.10967114030653173,0.05173757736890022,0.011251390525292906,0.033461060865332126,0.011325440984213522,0.011019680548645161,0.056635543193457455,0.015222827630702429,0.00424976588374588,0.16060312553209238,0.007211149824864982,0.1675430103597764,0.05550804677852457,0.004201954470064524,0.03072851833372403,0.044112875927095535,0.06907059931124493,0.03465123384453587,0.04340765591503895,0.009073924735915756,0.005806285378419421,0.04509122004151062,0.006433553798638734,0.003570157539005248,0.019593440102332826,0.018504197542550796,0.011017427533332824,0.02050410488564519,0.04145429022121185,0.01571489114926688,0.02255903153337292,0.0053262142666967854,0.009534805803625755,0.02134958740306318,0.0,0.01938145516602056,0.04049245914544941,0.05836076800232115,0.07154527373665681,0.013659038776441451,0.04905833211977326,0.00587376630384172,0.059182827436902716,0.054293188124045766,0.005459209255453535,0.03304303726087234,0.0031537130058117637,0.018945983963812075,0.09909447246695285,0.04319983025628964,0.13042996538120616,0.014311181113091875,0.02978110911664006
bb_lnu_dEta,0.0012684414116004299,0.0003503874157918076,0.009682777403677803,0.020771229207908432,0.011946872399729608,0.004723095658866924,0.023599577309469873,0.00359340130900744,0.011555202558615271,0.0074352766437017805,0.010746826834682595,0.018261785595822796,0.010200999716585966,0.01687491183333563,0.003638277079020704,0.023199779721663247,0.006761571571386542,0.026435517431189676,0.005027274074865647,0.01704561216673757,0.017055954609078015,0.07597394898444854,0.01735002536468895,0.007916035391264021,0.0153479720081219,0.01593425170385179,0.085391994830855,0.007409682147976565,0.01044303118799124,0.0047642902631942615,0.021476897955495202,0.002316563201231927,0.004447507951205409,0.16248015464518742,0.004389571398985718,0.02828640398261384,0.008788847072134344,0.14480819702686562,0.0010487731966626309,0.12758844029420208,0.113379827924913,0.006270292013838384,0.02057123012636939,0.008827170960027038,0.009520706248191822,0.09937655634210496,0.006396602164083299,0.01938145516602056,0.0,0.009763721443382896,0.004898071622822287,0.002166968810515517,0.0026931158693301715,0.0017121920969376308,0.01062531564790426,0.027267090781771412,0.002660172710791437,0.10111561776100997,0.002671724684308639,0.0002053615732806357,0.1099211611475282,0.0046789481272940265,0.006525374714256319,0.016094409578402614,0.023522573641953023,0.023289674224114962
WW_mInv,0.10523853521023568,0.24011807528482454,0.04069396507583456,0.02618596584945511,0.08660554328151236,0.009479063405571246,0.09229685727384285,0.0945028308951516,0.005524864505427704,0.22189570458361602,0.017157851831612787,0.09870502881401516,0.04025233164161268,0.07048758307505998,0.007543492208482272,0.038782827024000974,0.11558224309066362,0.011062537715547785,0.009976828213895875,0.029887878627195913,0.06783729447936981,0.027153913718578032,0.1679050288640524,0.053399354866594084,0.18293877044286444,0.0251188713921994,0.028687834153548832,0.0169649857381462,0.06389038334598249,0.0007332777304279725,0.020219111466389977,0.08303631623096443,0.019017021037600886,0.017285852126689906,0.06565445227934341,0.0015106043683590635,0.006027716441024154,0.009482870934294329,0.02865461653003659,0.01036894497563178,0.0023751984195648284,0.07647177808601732,0.0233565734412181,0.022411126090593016,0.006256732155962852,0.01616945133484182,0.019866188463699468,0.04049245914544941,0.009763721443382896,0.0,0.16085043250942443,0.10096535806306114,0.05706134999827378,0.13035785175228504,0.01518932399475123,0.02626851588089401,0.1311511404222555,0.0021476249297647508,0.034416002082374476,0.005888255799760765,0.020025602100859196,0.10424623131682045,0.024154695080381372,0.16026114728091878,0.04575851349333267,0.04237587013510391
all_jets_HT,0.032701883281491984,0.058150062685622395,0.06636549567295635,0.007983736171673785,0.03343034973318691,0.010911098689494969,0.11686943636730099,0.04320910197734351,0.011217609814947738,0.026761264513674665,0.019923380415317528,0.05136210675997166,0.0665878887504463,0.14625732446854253,0.004777271270817535,0.2176846044617914,0.06708595122024119,0.014030673932003024,0.0014206763218030892,0.0711447803051195,0.09491630096679698,0.01024579966042806,0.0848026890620219,0.1464106079627373,0.08200877448968015,0.026205507773785795,0.006438637415488735,0.09898526562921661,0.06242415932393272,0.003659749786643185,0.006673879886123228,0.023675238803898713,0.04632421094472749,0.004939120418453705,0.08769674295612462,0.004697666730201792,0.004791515708309877,0.004350295722947456,0.001795601491927178,0.010325646668210118,0.0005228254769004601,0.033852602786272334,0.0028658726332101148,0.005830027860024943,0.012798744689548296,0.007675992934801571,0.016769930044061885,0.05836076800232115,0.004898071622822287,0.16085043250942443,0.0,0.033265155419612946,0.04122273347037453,0.09613447441539869,0.005575345858233784,0.16599713911898967,0.029908650602943787,0.001753304004937199,0.00813103792039366,0.003764062314055618,0.011418977746761684,0.06393284704038317,0.077610872811404,0.06400995829415057,0.1293195299017963,0.1471002476003741
bjets_mean_pt,0.03307395164842586,0.1381754609481156,0.016134779879129646,0.0042587386963959944,0.15446401828685447,0.03770865547217709,0.005574205075050048,0.10061092324581988,0.008565776538096058,0.23155241018962142,0.01904176787448003,0.13651704912010643,0.016509546247272244,0.21369828379962902,0.040522099609376305,0.3001963699872373,0.11825039366753698,0.029747453901125338,0.004837398426457437,0.12935555862635692,0.07699820958515455,0.015425909593518599,0.1991621971534707,0.12382485811998029,0.18551028578984163,0.030938427388078643,0.010424417960711356,0.011675058312739572,0.0857179104125067,0.03480377304804383,0.0006183851510574764,0.006657535442453384,0.05761798942282582,0.02085564545148377,0.22285953925731128,0.000525220202385241,0.006888701107835918,0.014081275502672413,0.01855875306127408,0.005411621188746795,0.014286032963326332,0.04450532638758001,0.006730858394226281,0.0029488665804254218,0.003539920814103241,0.007300643181056433,0.007317295132178491,0.07154527373665681,0.002166968810515517,0.10096535806306114,0.033265155419612946,0.0,0.10057524810922902,0.024499778243626924,0.023080117449399272,0.31786393512886524,0.06284770263008033,0.018372600314783334,0.010214906122508817,0.00919264723216582,0.007869834667078949,0.2128123189469678,0.1118162804567647,0.21326916541426244,0.25827343830747373,0.1444257287183246
met_pt,0.08101491116131418,0.039237468888979554,0.018057201562846736,0.043092390854843704,0.08590380720994366,0.0331424123549837,0.04272104575011835,0.016182437510308817,0.021297449738409045,0.07648672951321686,0.010462112599095571,0.04845743042349493,0.018317293313852734,0.005059636667204798,0.10182149577528003,0.054783494413768646,0.06693122291482448,0.017883000510470745,0.004900348508623491,0.13141247506566278,0.006124483760762245,0.009136451656007336,0.10811394095799519,0.0012143135965111407,0.17974499506028493,0.026839667982883356,0.00518463314961546,0.021205366027458983,0.036724671868393864,0.041725140492503004,0.0021717480813841367,0.10355396650785695,0.06032805333165689,0.013678307791026403,0.0066127597200217325,0.012006117440713815,0.022403225838350634,0.017429433699028996,0.01518230301291103,0.026968748684775553,0.022868809528729175,0.07731035205118875,0.0036761614752171302,0.018239232498170554,0.0009676252022678916,0.006061790785776983,0.007173085137620383,0.013659038776441451,0.0026931158693301715,0.05706134999827378,0.04122273347037453,0.10057524810922902,0.0,0.015585757434105507,0.004263384008526269,0.0630095078984616,0.02060873980594735,0.024083374938255502,0.003765825949250688,0.012513908354470325,0.03184380333479816,0.012343246765022992,0.01355924370159229,0.08306600728421806,0.041428516169421045,0.026970760349977363
blnu_mT,0.07293791552543194,0.10512755771599569,0.0462506867604795,0.008118444700527968,0.011778287421776525,0.010641631252799422,0.06660447082510612,0.07904950488654383,0.025435234785074885,0.07266733933999125,0.014037113825874643,0.12846275867270163,0.04637452465231062,0.05870278168397297,0.07058637215311467,0.24627391381133523,0.12891273023661565,0.023856954025301857,0.004122681492860103,0.04417305726135791,0.042856661801489726,0.014423337159118912,0.03740452781482612,0.15630861381691818,0.028857632754586013,0.00024997613063063723,0.011355818019068997,0.07263483241691104,0.1038970890213784,0.05783656391204553,0.013801932963942373,0.08904205598655793,0.03095803953151066,0.025553240762672638,0.09504395974576452,0.00016515463937627592,0.01121881924434594,0.013778711667336258,0.016354244290220296,0.01517911585536466,0.030771778189421162,0.07822687260659009,0.0054331065240390535,0.00417917933807209,0.0027994890228278057,0.009340414916504931,0.010483661118905583,0.04905833211977326,0.0017121920969376308,0.13035785175228504,0.09613447441539869,0.024499778243626924,0.015585757434105507,0.0,0.006205905169656041,0.18560914322553212,0.05212469620852378,0.021811308242041694,0.0028608256715118513,0.004834738169576365,0.014160437401031085,0.03061655302013054,0.10325920556097787,0.028495459631514952,0.10243638575237907,0.13798895619440088
bjets_dPhi,0.026343559074228386,0.018573077010937127,0.001183158040700824,0.003851405987914442,0.02415786470837842,0.08545119924900103,0.009233374735803237,0.0007165014832857642,0.07291431134793222,0.006084071867970936,0.045015928250712274,0.008731152768794641,0.0010496510091840374,0.003485958805587989,0.0032969141947429056,0.008210720459611425,0.00813698507737627,0.00046519836986804467,0.09106980685070062,0.0048028777935428014,0.0028320649646238283,0.011616823244353838,0.03275435316319563,0.00022868594233595396,0.02651665419753425,0.02618666313935704,0.009540692391323838,0.013413708653515988,0.015073296151434023,0.00965928610146948,0.0012248523239542092,0.002572275425832814,0.009464757545309226,0.008479928903880257,0.0009196203207327679,0.009857005046979768,0.0013603794505322828,0.033865780249821516,0.0013681388883112337,0.004654728661505434,0.003761027992499473,0.01045648388208823,0.018747527153456775,0.0126230566625349,0.012916931494132844,0.006842727434414194,0.05973048715494969,0.00587376630384172,0.01062531564790426,0.01518932399475123,0.005575345858233784,0.023080117449399272,0.004263384008526269,0.006205905169656041,0.0,0.025359883630291558,0.0036115072938576577,0.006581234875995143,0.0909899497839127,0.08691520316006415,0.026457286114715716,0.012139441696070057,0.004884638998587103,0.007294137151831192,0.04102091118560702,0.007379325129065226
bjets_dR,0.08277260903461722,0.08851879857583293,0.11646675923022914,0.1166509302427908,0.19205320329905895,0.10820367838632718,0.07683225937920324,0.1888416307516218,0.11759227855303969,0.15676036618034342,0.01030456425665341,0.19988785243828458,0.11568362017651285,0.031139803344560346,0.18567779659612865,0.19778744363322054,0.14836307525832343,0.035275883419250226,0.005877054369479818,0.11363548087285218,0.08708238066352628,0.005411627859814209,0.05291040449195064,0.0051295623559943215,0.051696009733948944,0.0056792042788757005,0.01340207440294317,0.027621289346960932,0.193590206062294,0.05049760007794246,0.006095783758147148,0.1842875294232394,0.34702602959183354,0.018980218703587008,0.38187801357682016,0.016631857026166635,0.0032993204186445783,0.023005357841965644,0.01718534941329111,0.0020348647180853862,0.003407977701416557,0.04314094435725371,0.00967814220772676,0.022332170667467288,0.010180215758325745,0.01354549389887139,0.005336116471894652,0.059182827436902716,0.027267090781771412,0.02626851588089401,0.16599713911898967,0.31786393512886524,0.0630095078984616,0.18560914322553212,0.025359883630291558,0.0,0.17671122840442013,0.006361149188060894,0.027241427300195912,0.007907484556492908,0.024030143770762957,0.023915995226723274,0.08178536762121487,0.1399401018427171,0.038162370378611365,0.008517818880729264
all_sT,0.0036070552270746625,0.060440661879544666,0.03788390015025789,0.009919064346372637,0.013522672684463792,0.01210924577475836,0.06808681923924831,0.06124787489559369,0.005359634217767036,0.01138987958969584,0.0157245953554459,0.0845318303587288,0.03787202393414957,0.12142140466983412,0.05063588116133756,0.2332918848424159,0.10525947955849191,0.006663216652765189,0.002416441459431638,0.13177972513465436,0.012861164189630014,0.012061599704202097,0.026076955371692592,0.11206178250199572,0.010056264173156873,0.0069321112520189035,0.008755003725502633,0.06480874449264107,0.06765062073946074,0.020593652508346105,3.500028519484895e-05,0.0718186025982081,0.00767199766824991,0.013936087549374582,0.06840563581127551,0.009125981367440786,0.004785196998230267,0.008822048943364526,0.006125157424001501,0.0009063930324661208,0.009089650818599143,0.06693423348117067,0.0021592886373271165,0.0022520784919011936,0.009759921030660182,0.002586108070601467,0.016064613143029042,0.054293188124045766,0.002660172710791437,0.1311511404222555,0.029908650602943787,0.06284770263008033,0.02060873980594735,0.05212469620852378,0.0036115072938576577,0.17671122840442013,0.0,0.01332058842287858,0.00798196996469314,0.00847184458459826,0.017078143523214347,0.05050220050582496,0.0835465325739954,0.09241685049640258,0.10880273834725923,0.10046398403336487
trijet_bijet_dEta,0.008316562796995093,0.008703252828291047,0.020872804367492594,0.015956509725313896,0.004007375092044185,0.014387333793459946,0.017164915521122225,0.006533839215835092,0.020256421872382205,0.013165278881694664,0.005913211091671559,0.0168135234059273,0.0207008063112259,0.00466569246551919,0.01345273257255725,0.02763351557191252,0.012835539626739334,0.017810932074732944,0.006121795916290786,0.04384388669142608,0.024098014976836623,0.006432822453365572,0.00023744177392681661,0.0038077886715010664,0.004185575392949242,0.00637631306708904,0.01535123924016868,0.005728793567013605,0.008902238411928902,0.020863338115873972,0.046150749856910624,0.003983981510213779,0.0053253134906638315,0.03287525414849457,0.015937859890410754,0.20213331731445483,0.027424269031926095,0.044729386318947295,0.01897089975580409,0.036110268805497364,0.044645967367855525,0.0007249952231884884,0.011596264257123219,0.004382412383388745,0.013414658895162385,0.01461862212363857,0.004238638743784518,0.005459209255453535,0.10111561776100997,0.0021476249297647508,0.001753304004937199,0.018372600314783334,0.024083374938255502,0.021811308242041694,0.006581234875995143,0.006361149188060894,0.01332058842287858,0.0,0.0023685263200613317,0.004411421322588653,0.05063325333980656,0.025712375882866612,0.014547187362698503,0.023437372165223805,0.02285296208162342,0.005309562131388908
jj_lnu_dPhi,0.005254441824601437,0.002847326755874021,0.03113855960930316,0.010024706556918507,0.0014144997235681679,0.027402911247904893,0.000670383700926403,0.01394117419246175,0.04216330798536028,0.0014892622192876164,0.061687553730433886,0.008380823772586362,0.03138133955074456,0.004158024380490414,0.011898498455625135,0.014114511065464868,0.010523956625450102,0.020826808572249958,0.1512908100488336,0.00671128099389967,0.004033098824170098,0.02602217410197697,0.0159174833382584,0.010260559663218786,0.016351654139796338,0.006720009900755528,0.02813646912847469,0.03392068495160045,0.0024708525131117405,0.03731789338077676,0.00012220625317701833,0.009441385816163241,0.009720807750643982,0.011402335282181,0.00809392133088679,0.03280873643119094,0.00879531480436894,0.012007747522802236,0.03129492546994144,0.013458797927035547,0.0006842993270105499,0.003977028494804638,0.008211089108818573,0.004418947788794226,0.0025933663793592274,0.008857494830924713,0.044898939368627655,0.03304303726087234,0.002671724684308639,0.034416002082374476,0.00813103792039366,0.010214906122508817,0.003765825949250688,0.0028608256715118513,0.0909899497839127,0.027241427300195912,0.00798196996469314,0.0023685263200613317,0.0,0.01692327796417914,0.0014091127697078364,0.012917433024092179,0.007072899432330769,0.005332610082561459,0.012200159402310218,0.0009665382985621045
bb_lnu_dPhi,0.003516021039678399,0.0036420757485220827,0.0020453035976297543,0.00154355353707441,0.005108887701682802,0.03289994004095054,0.0058282126141507755,0.0024738245859453646,0.05710737523205012,0.008922564536182205,0.023718504504653737,0.002896941853203516,0.0023102948954396955,0.0008547016388312343,0.004932147087778408,0.007740036397671377,0.020319784802704348,0.013181716609202442,0.09158577304606103,0.0053253049842891635,0.009273798205076457,0.008580451277746776,0.01903884818457208,0.011810279467657156,0.013981764883209312,0.0005079093994372084,0.012301873637184824,0.004077230553255352,0.027520109682154348,0.005120612475841057,0.002569470146372016,0.0026095587727741334,0.008234367531827444,0.014321821824730843,0.008836214266104798,0.001943843433820829,0.003951368213471441,0.009525654700092399,0.003154359805054812,0.016314486259267652,0.018969841188273932,0.003179353423689217,0.006748168341992582,0.0020890993169973594,0.0008715690275149211,0.0009726472022879766,0.02978800788599173,0.0031537130058117637,0.0002053615732806357,0.005888255799760765,0.003764062314055618,0.00919264723216582,0.012513908354470325,0.004834738169576365,0.08691520316006415,0.007907484556492908,0.00847184458459826,0.004411421322588653,0.01692327796417914,0.0,0.010921731814617525,0.023621738942548733,0.014451203929729916,0.0024113532522846304,0.006586613091957391,0.01829797539783084
bjets_dEta,0.0020635488379946295,0.004347633963955884,0.002983499969887278,0.003472653625159935,0.01156980291516848,0.02330053305106678,0.00968552700436733,0.013883750387985457,0.006910680900204592,0.0050311226618597995,0.013091864029580642,0.018963339685091115,0.002674012529509947,0.021845173455517453,0.00955318072288126,0.007291866620969721,0.00562570410058711,0.008703256497979383,0.0003976506457093029,0.018867402900751604,0.013584255699088324,0.06616367323872102,0.019628893516983093,0.020685527996610123,0.016144604987918608,0.012086252272088647,0.07201195774278595,0.020243799076029655,0.0009076852866595566,0.010010282304341912,0.02546946478581528,0.008094806677159254,0.008875349119540486,0.023852767412751316,0.013406393689717334,0.10557937601245206,0.004511983188769496,0.007315287055592865,0.0054727625624500864,0.016634108565994316,0.012131081425115528,0.0029931231260776786,0.009880211430897644,0.008293560369021269,0.004374847685989435,0.050985673235640086,0.0049685033103959745,0.018945983963812075,0.1099211611475282,0.020025602100859196,0.011418977746761684,0.007869834667078949,0.03184380333479816,0.014160437401031085,0.026457286114715716,0.024030143770762957,0.017078143523214347,0.05063325333980656,0.0014091127697078364,0.010921731814617525,0.0,0.004917842038891497,0.011472197484471603,0.013345577201777205,0.027822392263139366,0.01830985228149575
bjet_bijet_dR,0.1384563480380896,0.08340206737069562,0.014499610464279333,0.02037510174435071,0.03249022036373729,0.07243275684914624,0.04966898618009598,0.07790852744061937,0.0887252786733809,0.08950160492640005,0.00462877867184289,0.052450552591822616,0.013234983547278728,0.03960341029700287,0.11844602690700928,0.10432115422803924,0.021867570534460447,0.07961400200462049,0.02371434924215399,0.04792686507066524,0.015916443970156777,0.007741749786201373,0.19422758958180422,0.045867568116041646,0.19355848325241312,0.014627286180056182,0.005898598195661452,0.06497628407576084,0.002717820023478326,0.029482028799232507,0.01805769702389682,0.1060881461099426,0.08689431149638312,0.018856263930705722,0.1465110210301776,0.03152342994372836,0.0029484198295067795,0.005070453757676637,0.010461837503588228,0.0071862252404090755,0.01294693190362944,0.06316023367299683,0.003126033290315472,0.013310513128097345,0.0013394027766775647,0.0036976831741175613,0.0007962780708784927,0.09909447246695285,0.0046789481272940265,0.10424623131682045,0.06393284704038317,0.2128123189469678,0.012343246765022992,0.03061655302013054,0.012139441696070057,0.023915995226723274,0.05050220050582496,0.025712375882866612,0.012917433024092179,0.023621738942548733,0.004917842038891497,0.0,0.11471103833357227,0.08943683491257609,0.0499636373478062,0.0005022495107895875
bb_lnu_dR,0.14662895250226593,0.1381914359289927,0.05226880301459556,0.02635155897325307,0.0066398102675513555,0.01534371100110013,0.07570208105990013,0.05509480663064595,0.03511701023869082,0.1588378097514091,0.010966531915157457,0.0308356522527852,0.05123874812148542,0.0015816146519452706,0.0914888070681566,0.02079044684792075,0.015422663159233824,0.0240155296876753,0.006794916665915071,0.002004967456091633,0.03045121954948755,0.0006862042607776899,0.10838098663065177,0.036196579216132396,0.07298572568121946,0.01133059941034295,0.00992070050685403,0.004154254334568536,0.017677497608966503,0.018945606950147853,0.011906721813847304,0.045894197661642835,0.10221909628337844,0.01614937039421596,0.000185142319497289,0.0035346223516077527,0.0051502994417821964,0.012212292659621586,0.04239076940911819,0.004159172421654894,0.006581084680021049,0.01294532662199542,0.003759629966979568,0.0064552600535952315,0.006616774214168562,0.006272151839918003,0.0030393458477205315,0.04319983025628964,0.006525374714256319,0.024154695080381372,0.077610872811404,0.1118162804567647,0.01355924370159229,0.10325920556097787,0.004884638998587103,0.08178536762121487,0.0835465325739954,0.014547187362698503,0.007072899432330769,0.014451203929729916,0.011472197484471603,0.11471103833357227,0.0,0.1893902269773522,0.008838380882164501,0.025974422259010838
bjets_pt_bb,0.07747651307416803,0.11121535289106821,0.019632981079402756,0.03712672260455262,0.03200057265745859,0.06197661822628636,0.015053571629612017,0.008420245960201855,0.0859351049064296,0.09742356370973959,0.025523092760502384,0.03365318051124655,0.020578737809952674,0.11043311061703678,0.17982140733007487,0.26555856466312217,0.05473379006294349,0.06134584481746845,0.015110759017397116,0.1669482549246806,0.07076313955478011,0.018513338337399158,0.15079818839459835,0.08919078067077468,0.1583055840244149,0.022469172545235686,0.019150684163857755,0.07526678480057389,0.09182460389937719,0.007753638765449877,0.0017071412663648734,0.13885340166453908,0.14106436725474075,0.030221129446913565,0.03174150191121644,0.006437163020170988,0.0022569782788483153,0.011264247136801336,0.026037941407499036,0.003647006898239282,0.014849525774692623,0.0544204129698407,0.016787465597961036,0.010596287013414153,0.008567593173332846,3.9286734006834876e-05,0.01501917294421176,0.13042996538120616,0.016094409578402614,0.16026114728091878,0.06400995829415057,0.21326916541426244,0.08306600728421806,0.028495459631514952,0.007294137151831192,0.1399401018427171,0.09241685049640258,0.023437372165223805,0.005332610082561459,0.0024113532522846304,0.013345577201777205,0.08943683491257609,0.1893902269773522,0.0,0.08503069016879802,0.10342583551604789
bjets_mbb,0.13166190779673026,0.05634467638200402,0.07978641451862928,0.07326755490313869,0.18547074352609824,0.05229421403346114,0.07061520555952648,0.18915939932348547,0.037272408783590165,0.04255472860511489,0.006575725784613106,0.21571548025217402,0.07985941234059107,0.04452080089476457,0.12623328967622216,0.07572557798503882,0.15710587534882214,0.014093504403291168,0.007000639776736892,0.05303606368737898,0.007007373978043463,0.01989652290680963,0.026965728175685495,0.08707554815880247,0.049692444334240055,0.008122420836432637,0.004818479331489544,0.04022828993668261,0.04038491205240463,0.06185647113959286,0.00617495133105418,0.1253400784145192,0.2815250647226931,0.012744248111579036,0.3894762399371936,0.03081723509809744,0.005327463176774786,0.010108757206708256,0.0008365842770905268,0.012552913773571286,0.03129637747696439,0.05912921939178856,0.008693570156384438,0.006000098636746189,5.467973831198845e-05,0.023256853704179133,0.0017312175925638107,0.014311181113091875,0.023522573641953023,0.04575851349333267,0.1293195299017963,0.25827343830747373,0.041428516169421045,0.10243638575237907,0.04102091118560702,0.038162370378611365,0.10880273834725923,0.02285296208162342,0.012200159402310218,0.006586613091957391,0.027822392263139366,0.0499636373478062,0.008838380882164501,0.08503069016879802,0.0,0.09714920676793559
blnu_pt,0.10949225637736232,0.11410310521478373,0.05335392747396217,0.05577947268108696,0.07669143860878044,0.030320350211142585,0.1373512560495439,0.17878713327097556,0.0307634972873857,0.06185383317659862,0.008208504201053976,0.20340756807197563,0.05309228819500811,0.0028137203758829554,0.002698845425595009,0.09783057608745008,0.1734014652917197,0.007908384639641372,0.014163243611468574,0.0827382549314962,0.03514735165056748,0.018704677478097877,0.11556965336523406,0.04417242265676358,0.11810146739940403,0.028629496037773306,0.012437005796021465,0.026681095410440503,0.02286405080092277,0.026978975363333157,0.0024680267993123697,0.02867036465943519,0.07842137977318807,0.0055861908091225715,0.21951057477623462,0.009900392997523322,0.003051131768984145,0.006567488150852511,0.0356978421511384,0.02763746758726347,0.02558114380476225,0.08678313757640058,0.018492506733359358,0.015130821523979095,0.004124071261362304,0.0066944211202929135,0.012554072653829813,0.02978110911664006,0.023289674224114962,0.04237587013510391,0.1471002476003741,0.1444257287183246,0.026970760349977363,0.13798895619440088,0.007379325129065226,0.008517818880729264,0.10046398403336487,0.005309562131388908,0.0009665382985621045,0.01829797539783084,0.01830985228149575,0.0005022495107895875,0.025974422259010838,0.10342583551604789,0.09714920676793559,0.0
